,num,table,basic,Опыт работы,Образование,Гражданство,Тип занятости
0,№ 3470095457,"Опыт работы
2 года и 4 месяца
Август 2022 — настоящее время
Бьюти коворкинг Artelle, Косметолог
косметологические и массажные процедуры
9 лет и 11 месяцев
Август 2010 — Июнь 2020
ООО "" САНТОРИН"", Управляющий отделением
Руководство подразделением
4 года и 11 месяцев
Август 2004 — Июнь 2009
БК "" Марафон"", Оператор -кассир
Приём ставок на спортивные события
10 лет и 10 месяцев
Сентябрь 1992 — Июнь 2003
Дошкольное учреждение, Воспитатель
Работа с детьми дошкольного возраста
Учебные заведения
Год окончания: 2009
Иркутский Государственный Университет
Документоведение и ДОУ
Год окончания: 1992
Ангарское педагогическое училище
Воспитатель дошкольного учреждения
Медкнижка
Медкнижка — Нет
Гражданство
Гражданство — Россия","Может выйти завтра: Нет
Тип занятости: Подработка
Готовность к командировкам: Не готов
Переезд: Невозможен
Сфера деятельности: Фитнес, салоны красоты
График работы: Сменный график
Образование: Высшее
Стаж работы: 27 лет
Пол: Женский
Возраст: 51 год","['2 года и 4 месяца', 'Август 2022 — настоящее время', 'Бьюти коворкинг Artelle, Косметолог', 'косметологические и массажные процедуры', '9 лет и 11 месяцев', 'Август 2010 — Июнь 2020', 'ООО "" САНТОРИН"", Управляющий отделением', 'Руководство подразделением', '4 года и 11 месяцев', 'Август 2004 — Июнь 2009', 'БК "" Марафон"", Оператор -кассир', 'Приём ставок на спортивные события', '10 лет и 10 месяцев', 'Сентябрь 1992 — Июнь 2003', 'Дошкольное учреждение, Воспитатель', 'Работа с детьми дошкольного возраста']","['Год окончания: 2009', 'Иркутский Государственный Университет', 'Документоведение и ДОУ', 'Год окончания: 1992', 'Ангарское педагогическое училище', 'Воспитатель дошкольного учреждения']",['Гражданство — Россия'],"['Может выйти завтра: Нет', 'Тип занятости: Подработка', 'Готовность к командировкам: Не готов', 'Переезд: Невозможен', 'Сфера деятельности: Фитнес, салоны красоты', 'График работы: Сменный график', 'Образование: Высшее', 'Стаж работы: 27 лет', 'Пол: Женский', 'Возраст: 51 год']"
2,№ 4014636439,"Опыт работы
5 лет и 6 месяцев
Июнь 2019 — настоящее время
Частная клиника, Врач-хирург-ортопед
Основная специальность хирург-ортопед-стоматолог. Кроме этого несколько лет занимаюсь иньекционной косметологией лица и тела. Прошла базовое обучение и множество курсов по иньекционным методикам. Имею более 20 сертификатов. Опыт работы по разным направлениям-лимфодренаж по лицу и телу, липолитические программы по лицу и телу, трихология, фотостарение, акне, работа с пациентами в период менопаузы, с постковидным синдромом, с проблемами дисплазии СТ, anti age. Использую в работе только препараты имеющие регистрационные удостоверения.
Медкнижка
Медкнижка — Есть
Гражданство
Гражданство — Россия","Тип занятости: Подработка
Сфера деятельности: Фитнес, салоны красоты
График работы: Свободный график
Образование: Высшее
Стаж работы: 27 лет
Пол: Женский
Возраст: 49 лет","['5 лет и 6 месяцев', 'Июнь 2019 — настоящее время', 'Частная клиника, Врач-хирург-ортопед', 'Основная специальность хирург-ортопед-стоматолог. Кроме этого несколько лет занимаюсь иньекционной косметологией лица и тела. Прошла базовое обучение и множество курсов по иньекционным методикам. Имею более 20 сертификатов. Опыт работы по разным направлениям-лимфодренаж по лицу и телу, липолитические программы по лицу и телу, трихология, фотостарение, акне, работа с пациентами в период менопаузы, с постковидным синдромом, с проблемами дисплазии СТ, anti age. Использую в работе только препараты имеющие регистрационные удостоверения.', 'Медкнижка', 'Медкнижка — Есть', 'Гражданство', 'Гражданство — Россия']",[],['Гражданство — Россия'],"['Тип занятости: Подработка', 'Сфера деятельности: Фитнес, салоны красоты', 'График работы: Свободный график', 'Образование: Высшее', 'Стаж работы: 27 лет', 'Пол: Женский', 'Возраст: 49 лет']"
4,№ 4496218541,"Гражданство
Гражданство — Россия","Тип занятости: Основная работа
Готовность к командировкам: Иногда
Переезд: Невозможен
Сфера деятельности: Маркетинг, реклама, PR
График работы: Удалённая работа
Стаж работы: 6 лет
Пол: Женский
Возраст: 28 лет",[],[],['Гражданство — Россия'],"['Тип занятости: Основная работа', 'Готовность к командировкам: Иногда', 'Переезд: Невозможен', 'Сфера деятельности: Маркетинг, реклама, PR', 'График работы: Удалённая работа', 'Стаж работы: 6 лет', 'Пол: Женский', 'Возраст: 28 лет']"
6,№ 4343349321,"Учебные заведения
Год окончания: 2018
Высшее
Косметолог
Гражданство
Гражданство — Россия","Может выйти завтра: Да
Тип занятости: Подработка
Сфера деятельности: Фитнес, салоны красоты
График работы: Сменный график
Образование: Незаконченное высшее
Стаж работы: Без опыта
Пол: Женский
Возраст: 27 лет",[],"['Год окончания: 2018', 'Высшее', 'Косметолог', 'Гражданство', 'Гражданство — Россия']",['Гражданство — Россия'],"['Может выйти завтра: Да', 'Тип занятости: Подработка', 'Сфера деятельности: Фитнес, салоны красоты', 'График работы: Сменный график', 'Образование: Незаконченное высшее', 'Стаж работы: Без опыта', 'Пол: Женский', 'Возраст: 27 лет']"
8,№ 2664920494,"Опыт работы
6 месяцев
Апрель 2024 — Сентябрь 2024
ООО ""Домашний +, Микробиолог
Исследование микроорганизмов, написание научной статьи
2 года и 5 месяцев
Июль 2022 — настоящее время
ООО ""Сила Севера"", Провизор--химик
Разработка рецептур косметики
2 года и 11 месяцев
Январь 2022 — настоящее время
ООО «Сикварули НН», Управляющий производством, провизор-химик
Разработка рецептур интимной косметики, физиологических систем, управление производством, химико-биологический контроль сырья и продукции
1 год и 3 месяца
Январь 2019 — Март 2020
DNC, Старший химик-технолог
Разработка рецептур косметики, варка, химико-биологический контроль продукции и сырья
4 года и 3 месяца
Август 2014 — Октябрь 2018
МГОУ (областной), Лаборант кафедры
Организация учебного процесса, химико-экологическая экспертиза природных объектов
10 лет и 4 месяца
Август 2014 — настоящее время
ИП Васильев, Индивидуальный предприниматель
Изготовление косметики, разработка рецептур, проведение химико-биологического анализа, изготовление рецептур ЛКМ
Учебные заведения
Год окончания: 2026
ЯГМУ
Фармацевтическая химия и фармакогнозия (аспирантура)
Год окончания: 2023
ООО ""Профлаб""
Военная фармация (с отличием)
Год окончания: 2022
РУДН
Промышленная фармация - разработка лекарственных препаратов (с отличием)
Год окончания: 2018
МГОУ (областной)
Биология и химия (с отличием)
Гражданство
Гражданство — Россия","Тип занятости: Основная работа, Подработка
Готовность к командировкам: Готов
Сфера деятельности: Производство, сырьё, с/х
График работы: Удалённая работа
Образование: Высшее
Стаж работы: 10 лет
Пол: Мужской
Возраст: 31 год","['6 месяцев', 'Апрель 2024 — Сентябрь 2024', 'ООО ""Домашний +, Микробиолог', 'Исследование микроорганизмов, написание научной статьи', '2 года и 5 месяцев', 'Июль 2022 — настоящее время', 'ООО ""Сила Севера"", Провизор--химик', 'Разработка рецептур косметики', '2 года и 11 месяцев', 'Январь 2022 — настоящее время', 'ООО «Сикварули НН», Управляющий производством, провизор-химик', 'Разработка рецептур интимной косметики, физиологических систем, управление производством, химико-биологический контроль сырья и продукции', '1 год и 3 месяца', 'Январь 2019 — Март 2020', 'DNC, Старший химик-технолог', 'Разработка рецептур косметики, варка, химико-биологический контроль продукции и сырья', '4 года и 3 месяца', 'Август 2014 — Октябрь 2018', 'МГОУ (областной), Лаборант кафедры', 'Организация учебного процесса, химико-экологическая экспертиза природных объектов', '10 лет и 4 месяца', 'Август 2014 — настоящее время', 'ИП Васильев, Индивидуальный предприниматель', 'Изготовление косметики, разработка рецептур, проведение химико-биологического анализа, изготовление рецептур ЛКМ']","['Год окончания: 2026', 'ЯГМУ', 'Фармацевтическая химия и фармакогнозия (аспирантура)', 'Год окончания: 2023', 'ООО ""Профлаб""', 'Военная фармация (с отличием)', 'Год окончания: 2022', 'РУДН', 'Промышленная фармация - разработка лекарственных препаратов (с отличием)', 'Год окончания: 2018', 'МГОУ (областной)', 'Биология и химия (с отличием)', 'Гражданство', 'Гражданство — Россия']",['Гражданство — Россия'],"['Тип занятости: Основная работа, Подработка', 'Готовность к командировкам: Готов', 'Сфера деятельности: Производство, сырьё, с/х', 'График работы: Удалённая работа', 'Образование: Высшее', 'Стаж работы: 10 лет', 'Пол: Мужской', 'Возраст: 31 год']"
10,№ 4387244878,"Опыт работы
11 месяцев
Январь 2024 — настоящее время
Preslife, Косметолог-эстетист
Выполнение аппаратных процедур по телу: вибромассаж, вакуумный массаж, УЗ-кавитация, лазерный липолиз, RF-лифтинг, прессотерапия, обертывание. Аппаратных процедур по лицу: вакуумный массаж лица, УЗ-чистка лица, аппаратная мезотерапия (электропорация), алмазная микродермабразия. Химические пилинги, скульптурный и буккальный массаж лица. А также заполнение карт клиентов, замеры объемов тела, составление протоколов процедур.
4 месяца
Сентябрь 2023 — Декабрь 2023
Студия красоты Кисть, Массажист-эстетист
Выполняла классический, антицеллюлитный, лимфодренажный, расслабляющий массаж тела, миофасциальный, скульптурный и буккальный массаж лица. А также SPA-процедуры на косметике Aromaderm (виски-пеленание, styx-жиросжигание
8 месяцев
Сентябрь 2022 — Апрель 2023
Студия массажа NE.ON, Массажист-эстетист
Выполняла классический, лимфодренажный и антицеллюлитный массаж тела; SPA-программы, в которые входили различные виды обертываний, пилинги тела, фитобочка. Также делала скульптурно-буккальный массаж лица, массаж лица с помощью аппарата БМС и другие косметические процедуры по уходу за лицом. Свои навыки и умения готова подтвердить, показав сертификаты о прохождении обучения и положительные отзывы посетителей студии☺️
Учебные заведения
Год окончания: 2025
ЯГМУ
Лечебное дело
Медкнижка
Медкнижка — Нет
Гражданство
Гражданство — Россия","Может выйти завтра: Нет
Тип занятости: Подработка
Сфера деятельности: Фитнес, салоны красоты
График работы: Неполный день
Образование: Высшее
Стаж работы: 1 год
Пол: Женский
Возраст: 23 года","['11 месяцев', 'Январь 2024 — настоящее время', 'Preslife, Косметолог-эстетист', 'Выполнение аппаратных процедур по телу: вибромассаж, вакуумный массаж, УЗ-кавитация, лазерный липолиз, RF-лифтинг, прессотерапия, обертывание. Аппаратных процедур по лицу: вакуумный массаж лица, УЗ-чистка лица, аппаратная мезотерапия (электропорация), алмазная микродермабразия. Химические пилинги, скульптурный и буккальный массаж лица. А также заполнение карт клиентов, замеры объемов тела, составление протоколов процедур.', '4 месяца', 'Сентябрь 2023 — Декабрь 2023', 'Студия красоты Кисть, Массажист-эстетист', 'Выполняла классический, антицеллюлитный, лимфодренажный, расслабляющий массаж тела, миофасциальный, скульптурный и буккальный массаж лица. А также SPA-процедуры на косметике Aromaderm (виски-пеленание, styx-жиросжигание', '8 месяцев', 'Сентябрь 2022 — Апрель 2023', 'Студия массажа NE.ON, Массажист-эстетист', 'Выполняла классический, лимфодренажный и антицеллюлитный массаж тела; SPA-программы, в которые входили различные виды обертываний, пилинги тела, фитобочка. Также делала скульптурно-буккальный массаж лица, массаж лица с помощью аппарата БМС и другие косметические процедуры по уходу за лицом. Свои навыки и умения готова подтвердить, показав сертификаты о прохождении обучения и положительные отзывы посетителей студии☺️']","['Год окончания: 2025', 'ЯГМУ', 'Лечебное дело']",['Гражданство — Россия'],"['Может выйти завтра: Нет', 'Тип занятости: Подработка', 'Сфера деятельности: Фитнес, салоны красоты', 'График работы: Неполный день', 'Образование: Высшее', 'Стаж работы: 1 год', 'Пол: Женский', 'Возраст: 23 года']"
12,№ 4347858846,"Опыт работы
3 месяца
Июнь 2024 — Август 2024
студия, косметолог эстетист
косметические процедуры
Гражданство
Гражданство — Таджикистан
Разрешение на работу в России — Да","Может выйти завтра: Да
Тип занятости: Основная работа
Готовность к командировкам: Не готов
Переезд: Невозможен
Сфера деятельности: Фитнес, салоны красоты
График работы: Сменный график
Образование: Среднее
Стаж работы: 2 месяца
Пол: Женский
Возраст: 19 лет","['3 месяца', 'Июнь 2024 — Август 2024', 'студия, косметолог эстетист', 'косметические процедуры', 'Гражданство', 'Гражданство — Таджикистан', 'Разрешение на работу в России — Да']",[],"['Гражданство — Таджикистан', 'Разрешение на работу в России — Да']","['Может выйти завтра: Да', 'Тип занятости: Основная работа', 'Готовность к командировкам: Не готов', 'Переезд: Невозможен', 'Сфера деятельности: Фитнес, салоны красоты', 'График работы: Сменный график', 'Образование: Среднее', 'Стаж работы: 2 месяца', 'Пол: Женский', 'Возраст: 19 лет']"
14,№ 4246897776,"Учебные заведения
Год окончания: 2013
СОМК
Сестринское дело
Медкнижка
Медкнижка — Нет
Гражданство
Гражданство — Россия","Может выйти завтра: Нет
Тип занятости: Основная работа, Подработка
Сфера деятельности: Фитнес, салоны красоты
График работы: Сменный график
Образование: Среднее специальное
Стаж работы: Без опыта
Пол: Женский
Возраст: 30 лет",[],"['Год окончания: 2013', 'СОМК', 'Сестринское дело']",['Гражданство — Россия'],"['Может выйти завтра: Нет', 'Тип занятости: Основная работа, Подработка', 'Сфера деятельности: Фитнес, салоны красоты', 'График работы: Сменный график', 'Образование: Среднее специальное', 'Стаж работы: Без опыта', 'Пол: Женский', 'Возраст: 30 лет']"
16,№ 4021261908,"Опыт работы
1 год и 1 месяц
Август 2023 — Август 2024
Салон красоты, Косметолог
- консультации по салонным процедурам и домашнему уходу; -аппарата косметология; -гигиеническая чистки лица, шеи и зоны декольте; -косметический массажа лица и тела; -массаж: лимфодренажный, скульптурный, головы и спины;  -косметические маски, пилинги для лица, шеи и зоны декольте;  -окраска бровей и ресниц;  -коррекция формы бровей;  -эстетическая коррекция волосяного покрова лица и тела; - лазерная эпиляция на аппаратах;  -очищающие процедуры для тела;  -обёртывание; -мезотерапия (лицо + тело); -биоревитализация; -дезинфекции рабочего места и бактерицидная обработка косметологических инструментов; -аккуратная, пунктуальная, ответственная, порядочная, приятный внешний вид; -индивидуальный подход к каждому пациенту; -стремление к регулярному обучению и познанию нового. Планы на долговременное сотрудничество!!!Работаю на результат.
Учебные заведения
Год окончания: 2024
ООО Школа косметологии ""Новое лицо""
Косметолог-эстетист
Год окончания: 2024
Академия косметологии и макияжа ""Дом русской косметики"", Москва
Мезотерапия лица и тела, микронидлинг
Год окончания: 2024
ООО Аравия
Сплэш-лифтинг, лимфодренажный, скульптурный, система Anti-Age, анти акне, уход за кожей с куперозом,spa-шугаринг
Год окончания: 2024
Школа безопасных инъекций
Практика БТА Full Face
Медкнижка
Медкнижка — Нет
Гражданство
Гражданство — Россия","Тип занятости: Основная работа, Подработка
Готовность к командировкам: Не готов
Переезд: Невозможен
Сфера деятельности: Фитнес, салоны красоты
График работы: Сменный график
Образование: Высшее
Стаж работы: 1 год
Пол: Женский","['1 год и 1 месяц', 'Август 2023 — Август 2024', 'Салон красоты, Косметолог', '- консультации по салонным процедурам и домашнему уходу; -аппарата косметология; -гигиеническая чистки лица, шеи и зоны декольте; -косметический массажа лица и тела; -массаж: лимфодренажный, скульптурный, головы и спины;  -косметические маски, пилинги для лица, шеи и зоны декольте;  -окраска бровей и ресниц;  -коррекция формы бровей;  -эстетическая коррекция волосяного покрова лица и тела; - лазерная эпиляция на аппаратах;  -очищающие процедуры для тела;  -обёртывание; -мезотерапия (лицо + тело); -биоревитализация; -дезинфекции рабочего места и бактерицидная обработка косметологических инструментов; -аккуратная, пунктуальная, ответственная, порядочная, приятный внешний вид; -индивидуальный подход к каждому пациенту; -стремление к регулярному обучению и познанию нового. Планы на долговременное сотрудничество!!!Работаю на результат.']","['Год окончания: 2024', 'ООО Школа косметологии ""Новое лицо""', 'Косметолог-эстетист', 'Год окончания: 2024', 'Академия косметологии и макияжа ""Дом русской косметики"", Москва', 'Мезотерапия лица и тела, микронидлинг', 'Год окончания: 2024', 'ООО Аравия', 'Сплэш-лифтинг, лимфодренажный, скульптурный, система Anti-Age, анти акне, уход за кожей с куперозом,spa-шугаринг', 'Год окончания: 2024', 'Школа безопасных инъекций', 'Практика БТА Full Face']",['Гражданство — Россия'],"['Тип занятости: Основная работа, Подработка', 'Готовность к командировкам: Не готов', 'Переезд: Невозможен', 'Сфера деятельности: Фитнес, салоны красоты', 'График работы: Сменный график', 'Образование: Высшее', 'Стаж работы: 1 год', 'Пол: Женский']"
18,№ 4122643434,"Опыт работы
2 месяца
Июль 2024 — Август 2024
Novolaser, Тренер по лпзерной эпиляции candela
Обучение сотрудников
5 месяцев
Июль 2024 — настоящее время
Lazerderm, Мастер лазерной эпиляции
Проведение эпиляции и косметологических процедур, консультирование, сбор анамнеза
2 года и 3 месяца
Март 2022 — Май 2024
Style bio, Косметолог
Лазерная эпиляция на александритовом лазере Candela и диодном лазере magic one 4000w, обучение и стажировка новых сотрудников
2 месяца
Январь 2022 — Февраль 2022
Beauty mix, Косметолог
Проведение лазерной эпиляции, расчёт клиентов, поддержание чистоты в кабинете
2 месяца
Октябрь 2021 — Ноябрь 2021
Живика, аптечная сеть, Провизор
Консультирование, отпуск лекарственных средств
3 месяца
Апрель 2021 — Июнь 2021
Магнит аптека, Продавец-консультант
Реализация лекарственной продукции, медицинских изделий, косметических средств, консультирование клиентов.
4 месяца
Декабрь 2020 — Март 2021
Ригла, Продавец-консультант
Отпуск фармацевтической, косметической продукции, консультирование клиентов
10 месяцев
Март 2020 — Декабрь 2020
Планета здоровья, Продавец-консультант
Отпуск лекарственных препаратов, косметической продукции, медицинской техники, консультирование клиентов, сбор инкассации, выкладка товара, заполнение отчетности по целевым препаратам
5 месяцев
Октябрь 2019 — Февраль 2020
Ригла, Ночной дежурант
Реализация лекарственной продукции, медицинских изделий, косметических средств, консультирование клиентов.
Учебные заведения
Год окончания: 2023
МЦПО
Косметик-эстетист
Год окончания: 2021
Российский университет дружбы народов, Москва
Фармация
Медкнижка
Медкнижка — Есть
Гражданство
Гражданство — Россия","Может выйти завтра: Нет
Тип занятости: Подработка
Готовность к командировкам: Не готов
Переезд: Невозможен
Сфера деятельности: Фитнес, салоны красоты
График работы: Полный день
Образование: Высшее
Стаж работы: 4 года
Пол: Женский
Возраст: 26 лет","['2 месяца', 'Июль 2024 — Август 2024', 'Novolaser, Тренер по лпзерной эпиляции candela', 'Обучение сотрудников', '5 месяцев', 'Июль 2024 — настоящее время', 'Lazerderm, Мастер лазерной эпиляции', 'Проведение эпиляции и косметологических процедур, консультирование, сбор анамнеза', '2 года и 3 месяца', 'Март 2022 — Май 2024', 'Style bio, Косметолог', 'Лазерная эпиляция на александритовом лазере Candela и диодном лазере magic one 4000w, обучение и стажировка новых сотрудников', '2 месяца', 'Январь 2022 — Февраль 2022', 'Beauty mix, Косметолог', 'Проведение лазерной эпиляции, расчёт клиентов, поддержание чистоты в кабинете', '2 месяца', 'Октябрь 2021 — Ноябрь 2021', 'Живика, аптечная сеть, Провизор', 'Консультирование, отпуск лекарственных средств', '3 месяца', 'Апрель 2021 — Июнь 2021', 'Магнит аптека, Продавец-консультант', 'Реализация лекарственной продукции, медицинских изделий, косметических средств, консультирование клиентов.', '4 месяца', 'Декабрь 2020 — Март 2021', 'Ригла, Продавец-консультант', 'Отпуск фармацевтической, косметической продукции, консультирование клиентов', '10 месяцев', 'Март 2020 — Декабрь 2020', 'Планета здоровья, Продавец-консультант', 'Отпуск лекарственных препаратов, косметической продукции, медицинской техники, консультирование клиентов, сбор инкассации, выкладка товара, заполнение отчетности по целевым препаратам', '5 месяцев', 'Октябрь 2019 — Февраль 2020', 'Ригла, Ночной дежурант', 'Реализация лекарственной продукции, медицинских изделий, косметических средств, консультирование клиентов.']","['Год окончания: 2023', 'МЦПО', 'Косметик-эстетист', 'Год окончания: 2021', 'Российский университет дружбы народов, Москва', 'Фармация']",['Гражданство — Россия'],"['Может выйти завтра: Нет', 'Тип занятости: Подработка', 'Готовность к командировкам: Не готов', 'Переезд: Невозможен', 'Сфера деятельности: Фитнес, салоны красоты', 'График работы: Полный день', 'Образование: Высшее', 'Стаж работы: 4 года', 'Пол: Женский', 'Возраст: 26 лет']"
20,№ 4447578918,"Опыт работы
2 года и 10 месяцев
Февраль 2022 — настоящее время
Академия Красоты «Теодея», Косметолог-эстетист
Выполняю различные косметические процедуры по лицу : чистка ( механическая, ультразвуковая, комбинированная), пилинги (любые), массаж лица (классический, лимфодренажный), уходовые процедуры по типу кожи, а так же пирсинг для детей и взрослых.
Учебные заведения
Год окончания: 2023
Российский государственный университет физической культуры, спорта, молодежи и туризма, Москва
Адаптивная физическая культура
Год окончания: 2018
Российский государственный социальный университет, Москва
Социальная работа
Медкнижка
Медкнижка — Есть
Гражданство
Гражданство — Россия","Может выйти завтра: Да
Тип занятости: Основная работа, Подработка
Готовность к командировкам: Не готов
Переезд: Возможен
Сфера деятельности: Фитнес, салоны красоты
График работы: Свободный график
Образование: Высшее
Стаж работы: 2 года
Пол: Женский
Возраст: 26 лет","['2 года и 10 месяцев', 'Февраль 2022 — настоящее время', 'Академия Красоты «Теодея», Косметолог-эстетист', 'Выполняю различные косметические процедуры по лицу : чистка ( механическая, ультразвуковая, комбинированная), пилинги (любые), массаж лица (классический, лимфодренажный), уходовые процедуры по типу кожи, а так же пирсинг для детей и взрослых.']","['Год окончания: 2023', 'Российский государственный университет физической культуры, спорта, молодежи и туризма, Москва', 'Адаптивная физическая культура', 'Год окончания: 2018', 'Российский государственный социальный университет, Москва', 'Социальная работа']",['Гражданство — Россия'],"['Может выйти завтра: Да', 'Тип занятости: Основная работа, Подработка', 'Готовность к командировкам: Не готов', 'Переезд: Возможен', 'Сфера деятельности: Фитнес, салоны красоты', 'График работы: Свободный график', 'Образование: Высшее', 'Стаж работы: 2 года', 'Пол: Женский', 'Возраст: 26 лет']"
22,№ 4002711480,"Опыт работы
3 месяца
Сентябрь 2024 — настоящее время
Neil O' Clock, Косметолог
Весь спектр описанный в резюме
Учебные заведения
Год окончания: 1991
Медицинское училище 21
Сестринское дело
Знание языков
Английский — средний
Медкнижка
Медкнижка — Есть
Гражданство
Гражданство — Россия","Тип занятости: Основная работа, Подработка
Готовность к командировкам: Готов
Переезд: Возможен
Сфера деятельности: Фитнес, салоны красоты
График работы: Сменный график
Образование: Среднее специальное
Стаж работы: 2 месяца
Пол: Женский
Возраст: 44 года","['3 месяца', 'Сентябрь 2024 — настоящее время', ""Neil O' Clock, Косметолог"", 'Весь спектр описанный в резюме']","['Год окончания: 1991', 'Медицинское училище 21', 'Сестринское дело', 'Знание языков', 'Английский — средний']",['Гражданство — Россия'],"['Тип занятости: Основная работа, Подработка', 'Готовность к командировкам: Готов', 'Переезд: Возможен', 'Сфера деятельности: Фитнес, салоны красоты', 'График работы: Сменный график', 'Образование: Среднее специальное', 'Стаж работы: 2 месяца', 'Пол: Женский', 'Возраст: 44 года']"
24,№ 3524854004,"Опыт работы
7 лет и 9 месяцев
Январь 2017 — Сентябрь 2024
Салон, Массажист-косметолог
Согласно договора
Учебные заведения
Год окончания: 2006
тгу
Психолог
Год окончания: 1998
Птис
Экономист
Медкнижка
Медкнижка — Нет
Гражданство
Гражданство — Россия","Тип занятости: Основная работа
Переезд: Невозможен
Сфера деятельности: Фитнес, салоны красоты
График работы: Сменный график
Образование: Высшее
Стаж работы: 7 лет
Пол: Женский
Возраст: 47 лет","['7 лет и 9 месяцев', 'Январь 2017 — Сентябрь 2024', 'Салон, Массажист-косметолог', 'Согласно договора']","['Год окончания: 2006', 'тгу', 'Психолог', 'Год окончания: 1998', 'Птис', 'Экономист']",['Гражданство — Россия'],"['Тип занятости: Основная работа', 'Переезд: Невозможен', 'Сфера деятельности: Фитнес, салоны красоты', 'График работы: Сменный график', 'Образование: Высшее', 'Стаж работы: 7 лет', 'Пол: Женский', 'Возраст: 47 лет']"
26,№ 4530586252,"Опыт работы
5 лет и 3 месяца
Сентябрь 2019 — настоящее время
Студия Преображения, Косметолог эстетист и мастер массажа лица
Аппаратная косметология, чистки лица, пилинг лица, массаж лица лимфодренажный, классический, буккальный
Учебные заведения
Год окончания: 2023
Школа массажа Лидии Галиновой,
Мастер массажа лица
Год окончания: 2019
Институт красоты и стиля Crown beauty
Косметолог- эстетист
Гражданство
Гражданство — Россия","Может выйти завтра: Да
Тип занятости: Подработка
Готовность к командировкам: Не готов
Переезд: Невозможен
Сфера деятельности: Фитнес, салоны красоты
График работы: Свободный график
Образование: Среднее специальное
Стаж работы: 5 лет
Пол: Женский
Возраст: 29 лет","['5 лет и 3 месяца', 'Сентябрь 2019 — настоящее время', 'Студия Преображения, Косметолог эстетист и мастер массажа лица', 'Аппаратная косметология, чистки лица, пилинг лица, массаж лица лимфодренажный, классический, буккальный']","['Год окончания: 2023', 'Школа массажа Лидии Галиновой,', 'Мастер массажа лица', 'Год окончания: 2019', 'Институт красоты и стиля Crown beauty', 'Косметолог- эстетист', 'Гражданство', 'Гражданство — Россия']",['Гражданство — Россия'],"['Может выйти завтра: Да', 'Тип занятости: Подработка', 'Готовность к командировкам: Не готов', 'Переезд: Невозможен', 'Сфера деятельности: Фитнес, салоны красоты', 'График работы: Свободный график', 'Образование: Среднее специальное', 'Стаж работы: 5 лет', 'Пол: Женский', 'Возраст: 29 лет']"
28,№ 4354955625,"Опыт работы
2 года и 1 месяц
Октябрь 2022 — Октябрь 2024
Салон галеря, Косметолог , мастер перманентного макияжа
Пилинг Чистка Массаж лица Перманентный макияж Архитектура бровей Лазерное удаление волос Фото омоложение
Учебные заведения
Год окончания: 2016
Алтайска академя культуры и искусств
Дизайнер
Знание языков
Английский — средний
Медкнижка
Медкнижка — Есть
Гражданство
Гражданство — Россия","Может выйти завтра: Да
Тип занятости: Основная работа
Сфера деятельности: Фитнес, салоны красоты
График работы: Полный день
Образование: Высшее
Стаж работы: 2 года
Пол: Женский
Возраст: 35 лет","['2 года и 1 месяц', 'Октябрь 2022 — Октябрь 2024', 'Салон галеря, Косметолог , мастер перманентного макияжа', 'Пилинг Чистка Массаж лица Перманентный макияж Архитектура бровей Лазерное удаление волос Фото омоложение']","['Год окончания: 2016', 'Алтайска академя культуры и искусств', 'Дизайнер', 'Знание языков', 'Английский — средний']",['Гражданство — Россия'],"['Может выйти завтра: Да', 'Тип занятости: Основная работа', 'Сфера деятельности: Фитнес, салоны красоты', 'График работы: Полный день', 'Образование: Высшее', 'Стаж работы: 2 года', 'Пол: Женский', 'Возраст: 35 лет']"
30,№ 4601539540,"Опыт работы
4 месяца
Август 2024 — настоящее время
Администратор, Адменистратор/Бровист/Депиляции
Работа с клиентами и продажа
6 месяцев
Ноябрь 2023 — Апрель 2024
Санлайн, Продавец-консультант
Продажи , работа с клиентами
4 месяца
Август 2023 — Ноябрь 2023
Мормон, Косметолог эстетист
Работа с клиентами
2 года
Сентябрь 2021 — Август 2023
Красный мак, Косметолог эстетист
Работа с клиентами
Учебные заведения
Год окончания: 2026
Синергия
Сестренское дело
Год окончания: 2023
ГБПОУ МО ""ВАТ ""Холмогорка ""
43.02.17 ТЕХНОЛОГИИ ИНДУСТРИИ КРАСОТЫ
Медкнижка
Медкнижка — Есть
Гражданство
Гражданство — Россия","Может выйти завтра: Нет
Тип занятости: Основная работа
Сфера деятельности: Фитнес, салоны красоты
График работы: Свободный график
Образование: Среднее специальное
Стаж работы: 2 года
Пол: Женский
Возраст: 21 год","['4 месяца', 'Август 2024 — настоящее время', 'Администратор, Адменистратор/Бровист/Депиляции', 'Работа с клиентами и продажа', '6 месяцев', 'Ноябрь 2023 — Апрель 2024', 'Санлайн, Продавец-консультант', 'Продажи , работа с клиентами', '4 месяца', 'Август 2023 — Ноябрь 2023', 'Мормон, Косметолог эстетист', 'Работа с клиентами', '2 года', 'Сентябрь 2021 — Август 2023', 'Красный мак, Косметолог эстетист', 'Работа с клиентами']","['Год окончания: 2026', 'Синергия', 'Сестренское дело', 'Год окончания: 2023', 'ГБПОУ МО ""ВАТ ""Холмогорка ""', '43.02.17 ТЕХНОЛОГИИ ИНДУСТРИИ КРАСОТЫ']",['Гражданство — Россия'],"['Может выйти завтра: Нет', 'Тип занятости: Основная работа', 'Сфера деятельности: Фитнес, салоны красоты', 'График работы: Свободный график', 'Образование: Среднее специальное', 'Стаж работы: 2 года', 'Пол: Женский', 'Возраст: 21 год']"
32,№ 4283612978,"Опыт работы
4 месяца
Август 2024 — настоящее время
ООО МИРК, Косметолог
Есть навыки: Демакияж Аппаратный косметология Чистка механическая , ультразвуковая, атравматическая. Пилинги химические Биоревитализация Мезотерапия Липолитики Кавитация Криолиполиз. Готова обучаться и проводить аппаратные процедуры, инъекционные.
Учебные заведения
Год окончания: 2021
СГМУ им. Разумовского
Лечебное дело
Медкнижка
Медкнижка — Есть
Гражданство
Гражданство — Россия","Тип занятости: Основная работа
Готовность к командировкам: Готов
Переезд: Возможен
Сфера деятельности: Фитнес, салоны красоты
График работы: Сменный график
Образование: Высшее
Стаж работы: 2 месяца
Пол: Женский
Возраст: 26 лет","['4 месяца', 'Август 2024 — настоящее время', 'ООО МИРК, Косметолог', 'Есть навыки: Демакияж Аппаратный косметология Чистка механическая , ультразвуковая, атравматическая. Пилинги химические Биоревитализация Мезотерапия Липолитики Кавитация Криолиполиз. Готова обучаться и проводить аппаратные процедуры, инъекционные.']","['Год окончания: 2021', 'СГМУ им. Разумовского', 'Лечебное дело']",['Гражданство — Россия'],"['Тип занятости: Основная работа', 'Готовность к командировкам: Готов', 'Переезд: Возможен', 'Сфера деятельности: Фитнес, салоны красоты', 'График работы: Сменный график', 'Образование: Высшее', 'Стаж работы: 2 месяца', 'Пол: Женский', 'Возраст: 26 лет']"
34,№ 4297433323,"Учебные заведения
Год окончания: 2024
Пермский базовый медицинский колледж
Сестринское дело
Гражданство
Гражданство — Россия","Может выйти завтра: Нет
Тип занятости: Основная работа, Подработка
Готовность к командировкам: Не готов
Переезд: Невозможен
Сфера деятельности: Фитнес, салоны красоты
График работы: Сменный график
Образование: Среднее специальное
Стаж работы: Без опыта
Пол: Женский
Возраст: 19 лет",[],"['Год окончания: 2024', 'Пермский базовый медицинский колледж', 'Сестринское дело', 'Гражданство', 'Гражданство — Россия']",['Гражданство — Россия'],"['Может выйти завтра: Нет', 'Тип занятости: Основная работа, Подработка', 'Готовность к командировкам: Не готов', 'Переезд: Невозможен', 'Сфера деятельности: Фитнес, салоны красоты', 'График работы: Сменный график', 'Образование: Среднее специальное', 'Стаж работы: Без опыта', 'Пол: Женский', 'Возраст: 19 лет']"
36,№ 4268994654,"Опыт работы
2 года и 7 месяцев
Март 2021 — Сентябрь 2023
Клиника лазерной и инъекционной косметологии «Клик», Врач-косметолог
СО2 лазерная шлифовка DEKA SmartXide, Фотоомоложение и неодимовое омоложение Cutera, ФДТ Revixan, неодимовый лазер Aerolase, CO2 лазерная шлифовка Fraction CO2
3 месяца
Ноябрь 2020 — Январь 2021
Клиника пластической хирургии и косметологии Гришкяна, Врач-косметолог
Инъекционная и аппаратная косметология Лазерная CO2 шлифовка Bison, игольчатый RF Scarlet
8 лет и 4 месяца
Июль 2012 — Октябрь 2020
МедЭра, Врач-косметолог
🎓💉Профессиональные навыки: Лазерные методики : фракционный лазерный пилинг, фотоомоложение, неодимовое удаление сосудов на аппарате Harmony XL Alma Lasers, лазерная эпиляция Soprano XL Alma Lasers, микроильчатый RF-лифтинг Infini. Все виды инъекционных методов: ботулинотерапия, контурная пластика и объемное моделирование, биоармирование, плазмотерапия, плацентотерапия, биоревитализация, мезотерапия, пилинги, векторный лифтинг Radiesse, мезонити, трихология. Постоянное повышение квалификации ( семинары, вебинары, тренинги, конференции, симпозиумы). Рабочая страница doctor_fattaeva, личная страница fattaeva
2 года и 1 месяц
Январь 2010 — Январь 2012
Медико-эстетический центр МедЭра, Врач-консультант
Эстетическая косметология ( пилинги , чистки, уходы ) , лазерная эпиляция ALMA LASERS, инъекции ( мезотерапия, плазмолифтинг, биоревитализация)
Учебные заведения
Год окончания: 2016
Российский университет дружбы народов, Москва
Трихология ( Ткачев )
Год окончания: 2015
Российская медицинская академия последипломного образования, Москва Российская медицинская академия последипломного образования, Москва
Косметология
Год окончания: 2015
Российская Академия Постдипломного образования
Дерматовенерология
Год окончания: 2010
Московская медицинская академия им. И. М. Сеченова, Москва
Лечебное дело
Медкнижка
Медкнижка — Есть
Гражданство
Гражданство — Россия","Может выйти завтра: Да
Тип занятости: Основная работа
Сфера деятельности: Медицина, фармацевтика
График работы: Полный день
Образование: Высшее
Стаж работы: 12 лет
Пол: Женский","['2 года и 7 месяцев', 'Март 2021 — Сентябрь 2023', 'Клиника лазерной и инъекционной косметологии «Клик», Врач-косметолог', 'СО2 лазерная шлифовка DEKA SmartXide, Фотоомоложение и неодимовое омоложение Cutera, ФДТ Revixan, неодимовый лазер Aerolase, CO2 лазерная шлифовка Fraction CO2', '3 месяца', 'Ноябрь 2020 — Январь 2021', 'Клиника пластической хирургии и косметологии Гришкяна, Врач-косметолог', 'Инъекционная и аппаратная косметология Лазерная CO2 шлифовка Bison, игольчатый RF Scarlet', '8 лет и 4 месяца', 'Июль 2012 — Октябрь 2020', 'МедЭра, Врач-косметолог', '🎓💉Профессиональные навыки: Лазерные методики : фракционный лазерный пилинг, фотоомоложение, неодимовое удаление сосудов на аппарате Harmony XL Alma Lasers, лазерная эпиляция Soprano XL Alma Lasers, микроильчатый RF-лифтинг Infini. Все виды инъекционных методов: ботулинотерапия, контурная пластика и объемное моделирование, биоармирование, плазмотерапия, плацентотерапия, биоревитализация, мезотерапия, пилинги, векторный лифтинг Radiesse, мезонити, трихология. Постоянное повышение квалификации ( семинары, вебинары, тренинги, конференции, симпозиумы). Рабочая страница doctor_fattaeva, личная страница fattaeva', '2 года и 1 месяц', 'Январь 2010 — Январь 2012', 'Медико-эстетический центр МедЭра, Врач-консультант', 'Эстетическая косметология ( пилинги , чистки, уходы ) , лазерная эпиляция ALMA LASERS, инъекции ( мезотерапия, плазмолифтинг, биоревитализация)']","['Год окончания: 2016', 'Российский университет дружбы народов, Москва', 'Трихология ( Ткачев )', 'Год окончания: 2015', 'Российская медицинская академия последипломного образования, Москва Российская медицинская академия последипломного образования, Москва', 'Косметология', 'Год окончания: 2015', 'Российская Академия Постдипломного образования', 'Дерматовенерология', 'Год окончания: 2010', 'Московская медицинская академия им. И. М. Сеченова, Москва', 'Лечебное дело']",['Гражданство — Россия'],"['Может выйти завтра: Да', 'Тип занятости: Основная работа', 'Сфера деятельности: Медицина, фармацевтика', 'График работы: Полный день', 'Образование: Высшее', 'Стаж работы: 12 лет', 'Пол: Женский']"
38,№ 4453060942,"Опыт работы
3 года и 9 месяцев
Март 2021 — настоящее время
Студия красоты Ирины Чернышевой (Краснодар), Косметолог эстетист
чистки лица, пилинги, аппаратные уходовые процедуры, авторский массаж шица - лифтинг , релакс, подтяжка лица . Консультациии и подбор домашнего ухода
Учебные заведения
Год окончания: 2024
Единый Центр Переподготовки Кадров
Младшая медицинская сестра
Год окончания: 2024
Международная Академия профессионального обучения и дополнительного образования ЭкспертПро
Косметик эстетиси
Год окончания: 2021
Академия йоги
Тренер Хатха-йога
Год окончания: 1998
СОВРЕМЕННЫЙ Гуманитарынй Университет
Юрист
Медкнижка
Медкнижка — Нет
Гражданство
Гражданство — Россия","Может выйти завтра: Да
Тип занятости: Основная работа
Сфера деятельности: Фитнес, салоны красоты
График работы: Сменный график
Образование: Высшее
Стаж работы: 3 года
Пол: Женский
Возраст: 41 год","['3 года и 9 месяцев', 'Март 2021 — настоящее время', 'Студия красоты Ирины Чернышевой (Краснодар), Косметолог эстетист', 'чистки лица, пилинги, аппаратные уходовые процедуры, авторский массаж шица - лифтинг , релакс, подтяжка лица . Консультациии и подбор домашнего ухода']","['Год окончания: 2024', 'Единый Центр Переподготовки Кадров', 'Младшая медицинская сестра', 'Год окончания: 2024', 'Международная Академия профессионального обучения и дополнительного образования ЭкспертПро', 'Косметик эстетиси', 'Год окончания: 2021', 'Академия йоги', 'Тренер Хатха-йога', 'Год окончания: 1998', 'СОВРЕМЕННЫЙ Гуманитарынй Университет', 'Юрист']",['Гражданство — Россия'],"['Может выйти завтра: Да', 'Тип занятости: Основная работа', 'Сфера деятельности: Фитнес, салоны красоты', 'График работы: Сменный график', 'Образование: Высшее', 'Стаж работы: 3 года', 'Пол: Женский', 'Возраст: 41 год']"
40,№ 4650272322,"Учебные заведения
Год окончания: 2024
Медицинский колледж №1
Сестринское дело
Гражданство
Гражданство — Россия","Может выйти завтра: Да
Тип занятости: Основная работа
Сфера деятельности: Административная работа
График работы: Сменный график
Образование: Среднее специальное
Стаж работы: Без опыта
Пол: Женский
Возраст: 20 лет",[],"['Год окончания: 2024', 'Медицинский колледж №1', 'Сестринское дело', 'Гражданство', 'Гражданство — Россия']",['Гражданство — Россия'],"['Может выйти завтра: Да', 'Тип занятости: Основная работа', 'Сфера деятельности: Административная работа', 'График работы: Сменный график', 'Образование: Среднее специальное', 'Стаж работы: Без опыта', 'Пол: Женский', 'Возраст: 20 лет']"
42,№ 4309843417,"Опыт работы
15 лет и 11 месяцев
Ноябрь 2007 — Сентябрь 2023
Центр Красоты и Здоровья, Косметолог дерматовенеролог
инъекции по лицу и телу, эстетическая косметология
Учебные заведения
Год окончания: 2007
Мед Академия
Лечебное дело дерматовенеролог
Медкнижка
Медкнижка — Есть
Дата осмотра терапевтом
Дата осмотра терапевтом — 2024-07-07
Гражданство
Гражданство — Казахстан
Разрешение на работу в России — Да","Может выйти завтра: Да
Тип занятости: Основная работа, Подработка
Сфера деятельности: Фитнес, салоны красоты
График работы: Сменный график
Образование: Высшее
Стаж работы: 15 лет
Пол: Женский
Возраст: 38 лет","['15 лет и 11 месяцев', 'Ноябрь 2007 — Сентябрь 2023', 'Центр Красоты и Здоровья, Косметолог дерматовенеролог', 'инъекции по лицу и телу, эстетическая косметология']","['Год окончания: 2007', 'Мед Академия', 'Лечебное дело дерматовенеролог']","['Гражданство — Казахстан', 'Разрешение на работу в России — Да']","['Может выйти завтра: Да', 'Тип занятости: Основная работа, Подработка', 'Сфера деятельности: Фитнес, салоны красоты', 'График работы: Сменный график', 'Образование: Высшее', 'Стаж работы: 15 лет', 'Пол: Женский', 'Возраст: 38 лет']"
44,№ 4298925423,"Гражданство
Гражданство — Россия","Может выйти завтра: Нет
Тип занятости: Основная работа, Подработка
Сфера деятельности: Фитнес, салоны красоты
График работы: Сменный график
Стаж работы: Без опыта
Пол: Женский
Возраст: 25 лет",[],[],['Гражданство — Россия'],"['Может выйти завтра: Нет', 'Тип занятости: Основная работа, Подработка', 'Сфера деятельности: Фитнес, салоны красоты', 'График работы: Сменный график', 'Стаж работы: Без опыта', 'Пол: Женский', 'Возраст: 25 лет']"
46,№ 4381756495,"Учебные заведения
Год окончания: 2024
МЦПО
косметолог-эстетист
Медкнижка
Медкнижка — Есть
Гражданство
Гражданство — Россия","Может выйти завтра: Да
Тип занятости: Основная работа
Сфера деятельности: Фитнес, салоны красоты
График работы: Сменный график
Образование: Среднее специальное
Стаж работы: Без опыта
Пол: Женский
Возраст: 23 года",[],"['Год окончания: 2024', 'МЦПО', 'косметолог-эстетист']",['Гражданство — Россия'],"['Может выйти завтра: Да', 'Тип занятости: Основная работа', 'Сфера деятельности: Фитнес, салоны красоты', 'График работы: Сменный график', 'Образование: Среднее специальное', 'Стаж работы: Без опыта', 'Пол: Женский', 'Возраст: 23 года']"
48,№ 4336724144,"Опыт работы
11 месяцев
Август 2023 — Июнь 2024
Салон красоты Пикси, Помощник косметолога
Помощь косметологу в проведении процедур. Выполняли чистки лица, маски, пилинги, массажи по лицу. Ламинирование бровей и ресниц. Работы с аппаратами типа h2o2 и тп
Учебные заведения
Год окончания: 2024
Учебный центр дополнительного профессионального образования ""АРМА""
Косметолог
Медкнижка
Медкнижка — Есть
Гражданство
Гражданство — Россия","Может выйти завтра: Да
Тип занятости: Основная работа, Подработка
Готовность к командировкам: Не готов
Переезд: Невозможен
Сфера деятельности: Фитнес, салоны красоты
График работы: Сменный график
Образование: Среднее специальное
Стаж работы: 10 месяцев
Пол: Женский
Возраст: 45 лет","['11 месяцев', 'Август 2023 — Июнь 2024', 'Салон красоты Пикси, Помощник косметолога', 'Помощь косметологу в проведении процедур. Выполняли чистки лица, маски, пилинги, массажи по лицу. Ламинирование бровей и ресниц. Работы с аппаратами типа h2o2 и тп']","['Год окончания: 2024', 'Учебный центр дополнительного профессионального образования ""АРМА""', 'Косметолог']",['Гражданство — Россия'],"['Может выйти завтра: Да', 'Тип занятости: Основная работа, Подработка', 'Готовность к командировкам: Не готов', 'Переезд: Невозможен', 'Сфера деятельности: Фитнес, салоны красоты', 'График работы: Сменный график', 'Образование: Среднее специальное', 'Стаж работы: 10 месяцев', 'Пол: Женский', 'Возраст: 45 лет']"
50,№ 4474151457,"Медкнижка
Медкнижка — Есть
Гражданство
Гражданство — Россия","Может выйти завтра: Да
Тип занятости: Основная работа
Готовность к командировкам: Не готов
Переезд: Невозможен
Сфера деятельности: Фитнес, салоны красоты
График работы: Полный день
Образование: Высшее
Стаж работы: 1 год
Пол: Женский
Возраст: 25 лет",[],[],['Гражданство — Россия'],"['Может выйти завтра: Да', 'Тип занятости: Основная работа', 'Готовность к командировкам: Не готов', 'Переезд: Невозможен', 'Сфера деятельности: Фитнес, салоны красоты', 'График работы: Полный день', 'Образование: Высшее', 'Стаж работы: 1 год', 'Пол: Женский', 'Возраст: 25 лет']"
52,№ 4462253491,"Медкнижка
Медкнижка — Есть
Гражданство
Гражданство — Россия","Может выйти завтра: Да
Тип занятости: Основная работа
Сфера деятельности: Фитнес, салоны красоты
График работы: Полный день
Образование: Высшее
Стаж работы: Без опыта
Пол: Женский
Возраст: 34 года",[],[],['Гражданство — Россия'],"['Может выйти завтра: Да', 'Тип занятости: Основная работа', 'Сфера деятельности: Фитнес, салоны красоты', 'График работы: Полный день', 'Образование: Высшее', 'Стаж работы: Без опыта', 'Пол: Женский', 'Возраст: 34 года']"
54,№ 3857930156,"Опыт работы
5 лет и 11 месяцев
Декабрь 2018 — Октябрь 2024
Paradise, Косметолог
Косметические процедуры
Учебные заведения
Год окончания: 2018
Институт косметологии
Косметолог
Медкнижка
Медкнижка — Есть
Гражданство
Гражданство — Россия","Может выйти завтра: Да
Тип занятости: Основная работа
Готовность к командировкам: Готов
Переезд: Невозможен
Сфера деятельности: Фитнес, салоны красоты
График работы: Полный день
Образование: Высшее
Стаж работы: 5 лет
Пол: Женский
Возраст: 31 год","['5 лет и 11 месяцев', 'Декабрь 2018 — Октябрь 2024', 'Paradise, Косметолог', 'Косметические процедуры']","['Год окончания: 2018', 'Институт косметологии', 'Косметолог']",['Гражданство — Россия'],"['Может выйти завтра: Да', 'Тип занятости: Основная работа', 'Готовность к командировкам: Готов', 'Переезд: Невозможен', 'Сфера деятельности: Фитнес, салоны красоты', 'График работы: Полный день', 'Образование: Высшее', 'Стаж работы: 5 лет', 'Пол: Женский', 'Возраст: 31 год']"
56,№ 4499404634,"Медкнижка
Медкнижка — Нет
Гражданство
Гражданство — Россия","Тип занятости: Основная работа
Готовность к командировкам: Не готов
Сфера деятельности: Фитнес, салоны красоты
График работы: Сменный график
Образование: Среднее
Стаж работы: Без опыта
Пол: Женский
Возраст: 26 лет",[],[],['Гражданство — Россия'],"['Тип занятости: Основная работа', 'Готовность к командировкам: Не готов', 'Сфера деятельности: Фитнес, салоны красоты', 'График работы: Сменный график', 'Образование: Среднее', 'Стаж работы: Без опыта', 'Пол: Женский', 'Возраст: 26 лет']"
58,№ 4537930865,"Опыт работы
17 лет и 7 месяцев
Апрель 2007 — Октябрь 2024
Салон красоты, Косметолог эстетист
Коррекция и покраска бровей,прокалывание ушей,восковая депиляция,чистка лица,макияж
Медкнижка
Медкнижка — Есть
Гражданство
Гражданство — Россия","Тип занятости: Основная работа
Готовность к командировкам: Не готов
Переезд: Невозможен
Сфера деятельности: Фитнес, салоны красоты
График работы: Сменный график
Образование: Среднее
Стаж работы: 17 лет
Пол: Женский
Возраст: 38 лет","['17 лет и 7 месяцев', 'Апрель 2007 — Октябрь 2024', 'Салон красоты, Косметолог эстетист', 'Коррекция и покраска бровей,прокалывание ушей,восковая депиляция,чистка лица,макияж', 'Медкнижка', 'Медкнижка — Есть', 'Гражданство', 'Гражданство — Россия']",[],['Гражданство — Россия'],"['Тип занятости: Основная работа', 'Готовность к командировкам: Не готов', 'Переезд: Невозможен', 'Сфера деятельности: Фитнес, салоны красоты', 'График работы: Сменный график', 'Образование: Среднее', 'Стаж работы: 17 лет', 'Пол: Женский', 'Возраст: 38 лет']"
60,№ 4602366547,"Учебные заведения
Год окончания: 2017
Сомк
Сестринское дело
Медкнижка
Медкнижка — Есть
Гражданство
Гражданство — Россия","Может выйти завтра: Да
Тип занятости: Основная работа
Сфера деятельности: Фитнес, салоны красоты
График работы: Сменный график
Образование: Среднее специальное
Стаж работы: Без опыта
Пол: Женский
Возраст: 27 лет",[],"['Год окончания: 2017', 'Сомк', 'Сестринское дело']",['Гражданство — Россия'],"['Может выйти завтра: Да', 'Тип занятости: Основная работа', 'Сфера деятельности: Фитнес, салоны красоты', 'График работы: Сменный график', 'Образование: Среднее специальное', 'Стаж работы: Без опыта', 'Пол: Женский', 'Возраст: 27 лет']"
62,№ 4213057570,"Медкнижка
Медкнижка — Есть
Гражданство
Гражданство — Россия","Может выйти завтра: Нет
Тип занятости: Основная работа
Готовность к командировкам: Готов
Сфера деятельности: Фитнес, салоны красоты
График работы: Полный день
Образование: Среднее специальное
Стаж работы: Без опыта
Пол: Женский
Возраст: 20 лет",[],[],['Гражданство — Россия'],"['Может выйти завтра: Нет', 'Тип занятости: Основная работа', 'Готовность к командировкам: Готов', 'Сфера деятельности: Фитнес, салоны красоты', 'График работы: Полный день', 'Образование: Среднее специальное', 'Стаж работы: Без опыта', 'Пол: Женский', 'Возраст: 20 лет']"
64,№ 4297342715,"Опыт работы
17 лет и 11 месяцев
Январь 2007 — настоящее время
Собственный кабинет, Подолог, мастер ногтевого сервиса, косметолог-эстетист
Маникюр, все виды Покрытие, укрепление и ремонт, наращивание ногтей Педикюр, все виды Полный спектр подологических услуг Косметолог- эстетист (чистка лица, форма и окрашивание бровей, окрашивание ресниц, перманентный макияж, депиляция, хололная плазма на аппарате medsi plasma L)
Учебные заведения
Год окончания: 2019
Медицинский колледж 6
Сестринское дело
Год окончания: 2007
ИИТЭМ
Экономист
Знание языков
Английский — средний
Медкнижка
Медкнижка — Есть
Гражданство
Гражданство — Россия","Тип занятости: Подработка
Готовность к командировкам: Не готов
Переезд: Невозможен
Сфера деятельности: Фитнес, салоны красоты
График работы: Неполный день
Образование: Высшее
Стаж работы: 17 лет
Пол: Женский
Возраст: 44 года","['17 лет и 11 месяцев', 'Январь 2007 — настоящее время', 'Собственный кабинет, Подолог, мастер ногтевого сервиса, косметолог-эстетист', 'Маникюр, все виды Покрытие, укрепление и ремонт, наращивание ногтей Педикюр, все виды Полный спектр подологических услуг Косметолог- эстетист (чистка лица, форма и окрашивание бровей, окрашивание ресниц, перманентный макияж, депиляция, хололная плазма на аппарате medsi plasma L)']","['Год окончания: 2019', 'Медицинский колледж 6', 'Сестринское дело', 'Год окончания: 2007', 'ИИТЭМ', 'Экономист', 'Знание языков', 'Английский — средний']",['Гражданство — Россия'],"['Тип занятости: Подработка', 'Готовность к командировкам: Не готов', 'Переезд: Невозможен', 'Сфера деятельности: Фитнес, салоны красоты', 'График работы: Неполный день', 'Образование: Высшее', 'Стаж работы: 17 лет', 'Пол: Женский', 'Возраст: 44 года']"
66,№ 4357204196,"Знание языков
Английский — начальный
Гражданство
Гражданство — Россия","Тип занятости: Подработка
Готовность к командировкам: Иногда
Переезд: Невозможен
Сфера деятельности: Фитнес, салоны красоты
График работы: Неполный день
Образование: Среднее
Стаж работы: Без опыта
Пол: Женский
Возраст: 18 лет",[],[],['Гражданство — Россия'],"['Тип занятости: Подработка', 'Готовность к командировкам: Иногда', 'Переезд: Невозможен', 'Сфера деятельности: Фитнес, салоны красоты', 'График работы: Неполный день', 'Образование: Среднее', 'Стаж работы: Без опыта', 'Пол: Женский', 'Возраст: 18 лет']"
68,№ 4294743162,"Опыт работы
3 года и 6 месяцев
Апрель 2021 — Сентябрь 2024
Академия красоты Я-красивая, Косметолог
Эстетическая и инъекционная косметология
2 года и 10 месяцев
Май 2018 — Февраль 2021
Салон красоты милена, Косметолог
Эстетическая, Аппаратная косметология
4 года и 2 месяца
Январь 2014 — Февраль 2018
Фитнес центр Зебра, Косметолог
Эстетическая косметология
11 месяцев
Январь 2013 — Ноябрь 2013
Клиника Моситалмед, Косметолог-эстетист
Помощь действующему косметологу, чистки лица, уходы, пилинги, окрашивание брови/ресницы, эпиляция
Учебные заведения
Год окончания: 2011
Дом русской косметики
Косметолог
Год окончания: 1996
Медицинское училище 22
Сестринское дело
Медкнижка
Медкнижка — Есть
Гражданство
Гражданство — Россия","Может выйти завтра: Да
Тип занятости: Подработка
Готовность к командировкам: Иногда
Переезд: Невозможен
Сфера деятельности: Фитнес, салоны красоты
График работы: Сменный график
Образование: Высшее
Стаж работы: 11 лет
Пол: Женский
Возраст: 47 лет","['3 года и 6 месяцев', 'Апрель 2021 — Сентябрь 2024', 'Академия красоты Я-красивая, Косметолог', 'Эстетическая и инъекционная косметология', '2 года и 10 месяцев', 'Май 2018 — Февраль 2021', 'Салон красоты милена, Косметолог', 'Эстетическая, Аппаратная косметология', '4 года и 2 месяца', 'Январь 2014 — Февраль 2018', 'Фитнес центр Зебра, Косметолог', 'Эстетическая косметология', '11 месяцев', 'Январь 2013 — Ноябрь 2013', 'Клиника Моситалмед, Косметолог-эстетист', 'Помощь действующему косметологу, чистки лица, уходы, пилинги, окрашивание брови/ресницы, эпиляция']","['Год окончания: 2011', 'Дом русской косметики', 'Косметолог', 'Год окончания: 1996', 'Медицинское училище 22', 'Сестринское дело']",['Гражданство — Россия'],"['Может выйти завтра: Да', 'Тип занятости: Подработка', 'Готовность к командировкам: Иногда', 'Переезд: Невозможен', 'Сфера деятельности: Фитнес, салоны красоты', 'График работы: Сменный график', 'Образование: Высшее', 'Стаж работы: 11 лет', 'Пол: Женский', 'Возраст: 47 лет']"
70,№ 2547368918,"Знание языков
Английский — средний
Медкнижка
Медкнижка — Есть
Гражданство
Гражданство — Россия","Тип занятости: Подработка
Готовность к командировкам: Не готов
Переезд: Невозможен
Сфера деятельности: Фитнес, салоны красоты
График работы: Свободный график
Образование: Среднее специальное
Стаж работы: 14 лет
Пол: Женский
Возраст: 96 лет",[],[],['Гражданство — Россия'],"['Тип занятости: Подработка', 'Готовность к командировкам: Не готов', 'Переезд: Невозможен', 'Сфера деятельности: Фитнес, салоны красоты', 'График работы: Свободный график', 'Образование: Среднее специальное', 'Стаж работы: 14 лет', 'Пол: Женский', 'Возраст: 96 лет']"
72,№ 4387102275,"Опыт работы
8 лет и 7 месяцев
Май 2016 — настоящее время
Домашний кабинет, Косметолог-эстетист, мастер депиляции
чистки, массаж лица, пилинги, рф-лифтинг, микротоки, депиляция воском и сахарной пастой
Учебные заведения
Год окончания: 2020
ЛОМТ
медицинская сестра
Год окончания: 2006
УлГПУ
Учитель
Медкнижка
Медкнижка — Нет
Гражданство
Гражданство — Россия","Может выйти завтра: Нет
Тип занятости: Подработка
Сфера деятельности: Фитнес, салоны красоты
График работы: Сменный график
Образование: Высшее
Стаж работы: 8 лет
Пол: Женский
Возраст: 40 лет","['8 лет и 7 месяцев', 'Май 2016 — настоящее время', 'Домашний кабинет, Косметолог-эстетист, мастер депиляции', 'чистки, массаж лица, пилинги, рф-лифтинг, микротоки, депиляция воском и сахарной пастой']","['Год окончания: 2020', 'ЛОМТ', 'медицинская сестра', 'Год окончания: 2006', 'УлГПУ', 'Учитель']",['Гражданство — Россия'],"['Может выйти завтра: Нет', 'Тип занятости: Подработка', 'Сфера деятельности: Фитнес, салоны красоты', 'График работы: Сменный график', 'Образование: Высшее', 'Стаж работы: 8 лет', 'Пол: Женский', 'Возраст: 40 лет']"
74,№ 4522168262,"Опыт работы
1 год и 1 месяц
Август 2023 — Август 2024
Women’secret, Продавец-кассир
Работа с покупателями
1 месяц
Июль 2023 — Июль 2023
Calzedonia and Intimissimi, Продавец-консультант
Работа с покупателями
4 месяца
Апрель 2023 — Июль 2023
Спортмастер, Продавец-кассир
Работа с кассой
2 месяца
Январь 2023 — Февраль 2023
Lady Collection, Продавец-кассир
Работа в зале
8 месяцев
Июнь 2022 — Январь 2023
Calzedonia, Продавец-консультант
Работа в зале, приём и выкладка товара, работа с покупателем, продажа товара. Открытие магазина и его закрытие.
Знание языков
Английский — средний
Медкнижка
Медкнижка — Есть
Гражданство
Гражданство — Россия","Может выйти завтра: Да
Тип занятости: Основная работа, Подработка
Готовность к командировкам: Не готов
Переезд: Возможен
Сфера деятельности: Фитнес, салоны красоты
График работы: Свободный график
Образование: Среднее
Стаж работы: 2 года
Пол: Женский
Возраст: 20 лет","['1 год и 1 месяц', 'Август 2023 — Август 2024', 'Women’secret, Продавец-кассир', 'Работа с покупателями', '1 месяц', 'Июль 2023 — Июль 2023', 'Calzedonia and Intimissimi, Продавец-консультант', 'Работа с покупателями', '4 месяца', 'Апрель 2023 — Июль 2023', 'Спортмастер, Продавец-кассир', 'Работа с кассой', '2 месяца', 'Январь 2023 — Февраль 2023', 'Lady Collection, Продавец-кассир', 'Работа в зале', '8 месяцев', 'Июнь 2022 — Январь 2023', 'Calzedonia, Продавец-консультант', 'Работа в зале, приём и выкладка товара, работа с покупателем, продажа товара. Открытие магазина и его закрытие.', 'Знание языков', 'Английский — средний', 'Медкнижка', 'Медкнижка — Есть', 'Гражданство', 'Гражданство — Россия']",[],['Гражданство — Россия'],"['Может выйти завтра: Да', 'Тип занятости: Основная работа, Подработка', 'Готовность к командировкам: Не готов', 'Переезд: Возможен', 'Сфера деятельности: Фитнес, салоны красоты', 'График работы: Свободный график', 'Образование: Среднее', 'Стаж работы: 2 года', 'Пол: Женский', 'Возраст: 20 лет']"
76,№ 4586049566,"Опыт работы
10 лет и 3 месяца
Апрель 2013 — Июнь 2023
Салон Стиль, Косметолог
Чистки, пилинги, массаж лица и тела, аппаратная косметология,архитектура бровей, шугаринг,прокол ушей
Учебные заведения
Год окончания: 2000
Саратовский мед колледж
Медсестра
Медкнижка
Медкнижка — Есть
Гражданство
Гражданство — Россия","Может выйти завтра: Да
Тип занятости: Основная работа
Готовность к командировкам: Не готов
Переезд: Невозможен
Сфера деятельности: Фитнес, салоны красоты
График работы: Сменный график
Образование: Среднее специальное
Стаж работы: 10 лет
Пол: Женский
Возраст: 43 года","['10 лет и 3 месяца', 'Апрель 2013 — Июнь 2023', 'Салон Стиль, Косметолог', 'Чистки, пилинги, массаж лица и тела, аппаратная косметология,архитектура бровей, шугаринг,прокол ушей']","['Год окончания: 2000', 'Саратовский мед колледж', 'Медсестра']",['Гражданство — Россия'],"['Может выйти завтра: Да', 'Тип занятости: Основная работа', 'Готовность к командировкам: Не готов', 'Переезд: Невозможен', 'Сфера деятельности: Фитнес, салоны красоты', 'График работы: Сменный график', 'Образование: Среднее специальное', 'Стаж работы: 10 лет', 'Пол: Женский', 'Возраст: 43 года']"
78,№ 3477416437,"Медкнижка
Медкнижка — Есть
Гражданство
Гражданство — Россия","Тип занятости: Основная работа
Готовность к командировкам: Иногда
Сфера деятельности: Фитнес, салоны красоты
График работы: Полный день
Образование: Среднее
Стаж работы: Без опыта
Пол: Женский
Возраст: 31 год",[],[],['Гражданство — Россия'],"['Тип занятости: Основная работа', 'Готовность к командировкам: Иногда', 'Сфера деятельности: Фитнес, салоны красоты', 'График работы: Полный день', 'Образование: Среднее', 'Стаж работы: Без опыта', 'Пол: Женский', 'Возраст: 31 год']"
80,№ 4237229737,"Учебные заведения
Год окончания: 2024
Академия косметологии и макияжа ""Дом русской косметики"", Москва
Медсестра в косметологии
Медкнижка
Медкнижка — Есть
Гражданство
Гражданство — Россия","Тип занятости: Основная работа
Готовность к командировкам: Не готов
Переезд: Невозможен
Сфера деятельности: Фитнес, салоны красоты
График работы: Полный день
Образование: Среднее специальное
Стаж работы: Без опыта
Пол: Женский
Возраст: 20 лет",[],"['Год окончания: 2024', 'Академия косметологии и макияжа ""Дом русской косметики"", Москва', 'Медсестра в косметологии']",['Гражданство — Россия'],"['Тип занятости: Основная работа', 'Готовность к командировкам: Не готов', 'Переезд: Невозможен', 'Сфера деятельности: Фитнес, салоны красоты', 'График работы: Полный день', 'Образование: Среднее специальное', 'Стаж работы: Без опыта', 'Пол: Женский', 'Возраст: 20 лет']"
82,№ 4506596348,"Опыт работы
1 год и 4 месяца
Август 2023 — настоящее время
Clevermed, Косметолог-эстетист
Консультации пациентов, чистки, пилинги, уход, лазерная эпиляция, массаж
1 год и 2 месяца
Декабрь 2021 — Январь 2023
Камыши, Массажист
Массаж всего тела, массаж лица
Учебные заведения
Год окончания: 2022
Воронежский базовый медицинский колледж
Зубной техник
Медкнижка
Медкнижка — Нет
Гражданство
Гражданство — Россия","Может выйти завтра: Да
Тип занятости: Подработка
Готовность к командировкам: Не готов
Переезд: Невозможен
Сфера деятельности: Фитнес, салоны красоты
График работы: Свободный график
Образование: Среднее специальное
Стаж работы: 2 года
Пол: Женский
Возраст: 23 года","['1 год и 4 месяца', 'Август 2023 — настоящее время', 'Clevermed, Косметолог-эстетист', 'Консультации пациентов, чистки, пилинги, уход, лазерная эпиляция, массаж', '1 год и 2 месяца', 'Декабрь 2021 — Январь 2023', 'Камыши, Массажист', 'Массаж всего тела, массаж лица']","['Год окончания: 2022', 'Воронежский базовый медицинский колледж', 'Зубной техник']",['Гражданство — Россия'],"['Может выйти завтра: Да', 'Тип занятости: Подработка', 'Готовность к командировкам: Не готов', 'Переезд: Невозможен', 'Сфера деятельности: Фитнес, салоны красоты', 'График работы: Свободный график', 'Образование: Среднее специальное', 'Стаж работы: 2 года', 'Пол: Женский', 'Возраст: 23 года']"
84,№ 4231729979,"Опыт работы
3 месяца
Сентябрь 2024 — настоящее время
Пространство красоты Grushka, Администратор салона красоты
Встреча клиентов, ведение записей, социальных сетей, телефонных переговоров, проведение инвентаризации, контроль деятельности сотрудников, внесение изменений в расписание, ведение финансовой отчетности, проведение презентаций для клиентов салона, проведение инвентаризаций, работа в программе Yclients.
11 месяцев
Ноябрь 2023 — Сентябрь 2024
Снежная Королева, Торговый Дом, Продавец-консультант
Оказание услуг по консультации покупателей, продажа товаров торговой марки ""Снежная королева"", поддержание порядка в зале, участие в переоценках товаров, прохождение повышения квалификации, выполнение плановых показателей.
3 месяца
Ноябрь 2022 — Январь 2023
ООО Альфа, Менеджер по развитию бизнеса
Работа с холодной и теплой базой клиентов в секторе В2В, холодные звонки, заключение договоров, подключение к IT-сервису (агрегатору) курьерских служб по грузоперевозкам. Обучение, сопровождение и консультирование клиентов на всем периоде взаимодействия.
11 месяцев
Ноябрь 2021 — Сентябрь 2022
Онлайн-школа по дизайну интрьера, Менеджер/руководитель отдела продаж
Удаленная работа в СРМ-системе с ""теплой"" базой клиентов (вебинары, заявки с сайта и социальных сетей). Презентация продуктов, ведение переговоров, закрытие возражений, совершение сделок, заполнение отчета по итогу дня. Собеседования и обучение МОП, руководство и контроль работы ОП, распределение задач, написание скриптов для переписок, составление графиков, ведение отчетности по ОП, контроль работы МОП.
2 месяца
Июнь 2021 — Июль 2021
ГК ""Пироговый дворик"", Директор
Организация и контроль существующей торговой точки сети ГК ""Пироговый дворик"". Составление ежедневных чек-листов кафе, контроль за выполнением плана продаж, составление аналитических отчетов по продажам отдельных групп товаров, контроль за соблюдением кассовой дисциплины, товарооборота и соблюдения сроков реализации продукции. Участие во внедрении акций и спецпредложений сети. Подбор и адаптация персонала на рабочих местах.
2 года и 2 месяца
Апрель 2019 — Май 2021
ИП Катан П.А./ИП Шевечнко С.А. ""Север-Метрополь"", Администратор
Контроль за соблюдением кассовой дисциплины, составление графиков, формирование заказов на продукцию, учет списания и товарооборота, ведение финансовой и отчетной документации, контроль соблюдения стандартов сервиса и требований контролирующих органов, учет ТМЦ и проведение инвентаризаций, отбор и обучение персонала.
2 года и 8 месяцев
Март 2016 — Октябрь 2018
ООО ""Бланкт""/ООО ""Трудресурс"", Менеджер по продажам услуг
Работа с существующей базой объектов, активный поиск и привлечение новых клиентов. Подготовка коммерческих предложений и технических заданий для участия в тендерах, подготовка и проведение презентаций, запуск новых объектов общественного питания с ""0"", аудит существующих объектов, общая оценка рентабельности предприятий, курирование объектов, контроль качества выпускаемой продукции, уровня сервиса, участие в подборе персонала, контроль экономической деятельности объектов.
11 лет и 2 месяца
Ноябрь 2003 — Декабрь 2014
ООО ""Ресторанный дом ""Соль/Перец"", к/к ""Современник"", Руководитель кейтеринговой и банкетной службы
Становление и организация работы кейтеринговой и банкетной службы на предприятии с нуля. Активный поиск и привлечение клиентов (работа с теплыми и холодными контактами), создание и проведение презентаций услуг компании, разработка концепции мероприятия для заказчика, заключение договоров, организация и полное сопровождение мероприятия. Расчет рентабельности и ведение финансовой отчетности. Организация мероприятий различного формата от детских праздников и корпоративов до приема правительственных делегаций на площадках компании или заказчика.
Учебные заведения
Год окончания: 2002
Пензенский государственный педагогический университет им. В.Г. Белинского, Пенза
Биология
Год окончания: 1997
Пензенский медицинский колледж №1
Фельдшер общей практики
Знание языков
Английский — начальный
Медкнижка
Медкнижка — Есть
Гражданство
Гражданство — Россия","Тип занятости: Основная работа, Подработка
Готовность к командировкам: Иногда
Переезд: Невозможен
Сфера деятельности: Фитнес, салоны красоты
График работы: Полный день
Образование: Высшее
Стаж работы: 18 лет
Пол: Женский
Возраст: 48 лет","['3 месяца', 'Сентябрь 2024 — настоящее время', 'Пространство красоты Grushka, Администратор салона красоты', 'Встреча клиентов, ведение записей, социальных сетей, телефонных переговоров, проведение инвентаризации, контроль деятельности сотрудников, внесение изменений в расписание, ведение финансовой отчетности, проведение презентаций для клиентов салона, проведение инвентаризаций, работа в программе Yclients.', '11 месяцев', 'Ноябрь 2023 — Сентябрь 2024', 'Снежная Королева, Торговый Дом, Продавец-консультант', 'Оказание услуг по консультации покупателей, продажа товаров торговой марки ""Снежная королева"", поддержание порядка в зале, участие в переоценках товаров, прохождение повышения квалификации, выполнение плановых показателей.', '3 месяца', 'Ноябрь 2022 — Январь 2023', 'ООО Альфа, Менеджер по развитию бизнеса', 'Работа с холодной и теплой базой клиентов в секторе В2В, холодные звонки, заключение договоров, подключение к IT-сервису (агрегатору) курьерских служб по грузоперевозкам. Обучение, сопровождение и консультирование клиентов на всем периоде взаимодействия.', '11 месяцев', 'Ноябрь 2021 — Сентябрь 2022', 'Онлайн-школа по дизайну интрьера, Менеджер/руководитель отдела продаж', 'Удаленная работа в СРМ-системе с ""теплой"" базой клиентов (вебинары, заявки с сайта и социальных сетей). Презентация продуктов, ведение переговоров, закрытие возражений, совершение сделок, заполнение отчета по итогу дня. Собеседования и обучение МОП, руководство и контроль работы ОП, распределение задач, написание скриптов для переписок, составление графиков, ведение отчетности по ОП, контроль работы МОП.', '2 месяца', 'Июнь 2021 — Июль 2021', 'ГК ""Пироговый дворик"", Директор', 'Организация и контроль существующей торговой точки сети ГК ""Пироговый дворик"". Составление ежедневных чек-листов кафе, контроль за выполнением плана продаж, составление аналитических отчетов по продажам отдельных групп товаров, контроль за соблюдением кассовой дисциплины, товарооборота и соблюдения сроков реализации продукции. Участие во внедрении акций и спецпредложений сети. Подбор и адаптация персонала на рабочих местах.', '2 года и 2 месяца', 'Апрель 2019 — Май 2021', 'ИП Катан П.А./ИП Шевечнко С.А. ""Север-Метрополь"", Администратор', 'Контроль за соблюдением кассовой дисциплины, составление графиков, формирование заказов на продукцию, учет списания и товарооборота, ведение финансовой и отчетной документации, контроль соблюдения стандартов сервиса и требований контролирующих органов, учет ТМЦ и проведение инвентаризаций, отбор и обучение персонала.', '2 года и 8 месяцев', 'Март 2016 — Октябрь 2018', 'ООО ""Бланкт""/ООО ""Трудресурс"", Менеджер по продажам услуг', 'Работа с существующей базой объектов, активный поиск и привлечение новых клиентов. Подготовка коммерческих предложений и технических заданий для участия в тендерах, подготовка и проведение презентаций, запуск новых объектов общественного питания с ""0"", аудит существующих объектов, общая оценка рентабельности предприятий, курирование объектов, контроль качества выпускаемой продукции, уровня сервиса, участие в подборе персонала, контроль экономической деятельности объектов.', '11 лет и 2 месяца', 'Ноябрь 2003 — Декабрь 2014', 'ООО ""Ресторанный дом ""Соль/Перец"", к/к ""Современник"", Руководитель кейтеринговой и банкетной службы', 'Становление и организация работы кейтеринговой и банкетной службы на предприятии с нуля. Активный поиск и привлечение клиентов (работа с теплыми и холодными контактами), создание и проведение презентаций услуг компании, разработка концепции мероприятия для заказчика, заключение договоров, организация и полное сопровождение мероприятия. Расчет рентабельности и ведение финансовой отчетности. Организация мероприятий различного формата от детских праздников и корпоративов до приема правительственных делегаций на площадках компании или заказчика.']","['Год окончания: 2002', 'Пензенский государственный педагогический университет им. В.Г. Белинского, Пенза', 'Биология', 'Год окончания: 1997', 'Пензенский медицинский колледж №1', 'Фельдшер общей практики', 'Знание языков', 'Английский — начальный']",['Гражданство — Россия'],"['Тип занятости: Основная работа, Подработка', 'Готовность к командировкам: Иногда', 'Переезд: Невозможен', 'Сфера деятельности: Фитнес, салоны красоты', 'График работы: Полный день', 'Образование: Высшее', 'Стаж работы: 18 лет', 'Пол: Женский', 'Возраст: 48 лет']"
86,№ 4183986668,"Опыт работы
4 месяца
Август 2024 — настоящее время
Kultspace.ru, Косметолог,мастер эпиляции,аппаратных техник,массажист
Навыки Аппаратные техники: •lpg массаж лица и тела •УЗ-Кавитация •RF-лифтинг •Миостимуляция •ИК-одеяло •Вакуумный массаж •Дарсонвализация(голова,лицо,тело) •Электроэпиляция •Лазерная эпиляция Косметология: • Чистка лица (механическая/УЗ/комбинированная,атравматичная) •Депиляция(воск/сахар) •Пилинги(поверхностные) •Фракционная мезотерапия(голова,лицо,тело) ~Инъекционные методики~ •Мезотерапия(волосистая часть головы,лицо,тело,в т.ч и липолитики) •Биоревитализация,биорепарация/полибиоревитализация Ручные техники: •Массаж лица по Ахабадзе(классический) •Массаж волосистой части головы и ШВЗ •Классический массаж тела •АЦ массаж
6 месяцев
Январь 2024 — Июнь 2024
Lpg lime, Мастер аппаратного массажа
Навыки Аппаратные техники: •lpg массаж лица и тела •УЗ-Кавитация •RF-лифтинг •Миостимуляция •ИК-одеяло •Вакуумный массаж •Дарсонвализация(голова,лицо,тело) •Электроэпиляция •Лазерная эпиляция Косметология: • Чистка лица (механическая/УЗ/комбинированная,атравматичная) •Депиляция(воск/сахар) •Пилинги(поверхностные) •Фракционная мезотерапия(голова,лицо,тело) ~Инъекционные методики~ •Мезотерапия(волосистая часть головы,лицо,тело,в т.ч и липолитики) •Биоревитализация,биорепарация/полибиоревитализация Ручные техники: •Массаж лица по Ахабадзе(классический) •Массаж волосистой части головы и ШВЗ •Классический массаж тела •АЦ массаж
Учебные заведения
Год окончания: 2024
ГБПОУ МО МОМК N1
Сестринское дело
Медкнижка
Медкнижка — Есть
Гражданство
Гражданство — Россия","Тип занятости: Основная работа, Подработка
Готовность к командировкам: Иногда
Переезд: Невозможен
Сфера деятельности: Фитнес, салоны красоты
График работы: Неполный день
Образование: Среднее специальное
Стаж работы: 1 год
Пол: Женский
Возраст: 20 лет","['4 месяца', 'Август 2024 — настоящее время', 'Kultspace.ru, Косметолог,мастер эпиляции,аппаратных техник,массажист', 'Навыки Аппаратные техники: •lpg массаж лица и тела •УЗ-Кавитация •RF-лифтинг •Миостимуляция •ИК-одеяло •Вакуумный массаж •Дарсонвализация(голова,лицо,тело) •Электроэпиляция •Лазерная эпиляция Косметология: • Чистка лица (механическая/УЗ/комбинированная,атравматичная) •Депиляция(воск/сахар) •Пилинги(поверхностные) •Фракционная мезотерапия(голова,лицо,тело) ~Инъекционные методики~ •Мезотерапия(волосистая часть головы,лицо,тело,в т.ч и липолитики) •Биоревитализация,биорепарация/полибиоревитализация Ручные техники: •Массаж лица по Ахабадзе(классический) •Массаж волосистой части головы и ШВЗ •Классический массаж тела •АЦ массаж', '6 месяцев', 'Январь 2024 — Июнь 2024', 'Lpg lime, Мастер аппаратного массажа', 'Навыки Аппаратные техники: •lpg массаж лица и тела •УЗ-Кавитация •RF-лифтинг •Миостимуляция •ИК-одеяло •Вакуумный массаж •Дарсонвализация(голова,лицо,тело) •Электроэпиляция •Лазерная эпиляция Косметология: • Чистка лица (механическая/УЗ/комбинированная,атравматичная) •Депиляция(воск/сахар) •Пилинги(поверхностные) •Фракционная мезотерапия(голова,лицо,тело) ~Инъекционные методики~ •Мезотерапия(волосистая часть головы,лицо,тело,в т.ч и липолитики) •Биоревитализация,биорепарация/полибиоревитализация Ручные техники: •Массаж лица по Ахабадзе(классический) •Массаж волосистой части головы и ШВЗ •Классический массаж тела •АЦ массаж']","['Год окончания: 2024', 'ГБПОУ МО МОМК N1', 'Сестринское дело']",['Гражданство — Россия'],"['Тип занятости: Основная работа, Подработка', 'Готовность к командировкам: Иногда', 'Переезд: Невозможен', 'Сфера деятельности: Фитнес, салоны красоты', 'График работы: Неполный день', 'Образование: Среднее специальное', 'Стаж работы: 1 год', 'Пол: Женский', 'Возраст: 20 лет']"
88,№ 4452726548,"Гражданство
Гражданство — Россия","Может выйти завтра: Да
Тип занятости: Основная работа, Подработка
Сфера деятельности: Фитнес, салоны красоты
График работы: Сменный график
Стаж работы: Без опыта
Пол: Женский
Возраст: 32 года",[],[],['Гражданство — Россия'],"['Может выйти завтра: Да', 'Тип занятости: Основная работа, Подработка', 'Сфера деятельности: Фитнес, салоны красоты', 'График работы: Сменный график', 'Стаж работы: Без опыта', 'Пол: Женский', 'Возраст: 32 года']"
90,№ 3952591613,"Учебные заведения
Год окончания: 2022
ДОННУ
Психолог
Медкнижка
Медкнижка — Есть
Гражданство
Гражданство — Россия","Может выйти завтра: Нет
Тип занятости: Основная работа, Подработка
Сфера деятельности: Административная работа
График работы: Сменный график
Образование: Среднее специальное
Стаж работы: 1 год
Пол: Женский
Возраст: 24 года",[],"['Год окончания: 2022', 'ДОННУ', 'Психолог']",['Гражданство — Россия'],"['Может выйти завтра: Нет', 'Тип занятости: Основная работа, Подработка', 'Сфера деятельности: Административная работа', 'График работы: Сменный график', 'Образование: Среднее специальное', 'Стаж работы: 1 год', 'Пол: Женский', 'Возраст: 24 года']"
92,№ 4722266061,"Учебные заведения
Год окончания: 2024
Пфэк
Финансы Навыки Знание языков Русский — Родной Навыки Организаторские навыки Исследования рынка труда Деловая коммуникация Корпоративная культура Делопроизводство
Медкнижка
Медкнижка — Нет
Гражданство
Гражданство — Россия","Может выйти завтра: Нет
Тип занятости: Основная работа
Сфера деятельности: Фитнес, салоны красоты
График работы: Свободный график
Образование: Среднее специальное
Стаж работы: Без опыта
Пол: Женский
Возраст: 21 год",[],"['Год окончания: 2024', 'Пфэк', 'Финансы Навыки Знание языков Русский — Родной Навыки Организаторские навыки Исследования рынка труда Деловая коммуникация Корпоративная культура Делопроизводство']",['Гражданство — Россия'],"['Может выйти завтра: Нет', 'Тип занятости: Основная работа', 'Сфера деятельности: Фитнес, салоны красоты', 'График работы: Свободный график', 'Образование: Среднее специальное', 'Стаж работы: Без опыта', 'Пол: Женский', 'Возраст: 21 год']"
94,№ 4594371409,"Опыт работы
3 года и 5 месяцев
Апрель 2020 — Август 2023
Санаторий, Медицинская сестра по физиотерапии, палатная медсестра
Физиотерапевтические процедуры, вела документацию
Учебные заведения
Год окончания: 2018
Кисловодский медицинский колледж 2
Медицинская сестра
Знание языков
Английский — средний
Медкнижка
Медкнижка — Есть
Гражданство
Гражданство — Россия","Может выйти завтра: Да
Тип занятости: Основная работа
Сфера деятельности: Медицина, фармацевтика
График работы: Сменный график
Образование: Среднее специальное
Стаж работы: 3 года
Пол: Женский
Возраст: 27 лет","['3 года и 5 месяцев', 'Апрель 2020 — Август 2023', 'Санаторий, Медицинская сестра по физиотерапии, палатная медсестра', 'Физиотерапевтические процедуры, вела документацию']","['Год окончания: 2018', 'Кисловодский медицинский колледж 2', 'Медицинская сестра', 'Знание языков', 'Английский — средний']",['Гражданство — Россия'],"['Может выйти завтра: Да', 'Тип занятости: Основная работа', 'Сфера деятельности: Медицина, фармацевтика', 'График работы: Сменный график', 'Образование: Среднее специальное', 'Стаж работы: 3 года', 'Пол: Женский', 'Возраст: 27 лет']"
96,№ 4377031123,"Учебные заведения
Год окончания: 2025
медицинский колледж ПГУПС
сестринское дело
Медкнижка
Медкнижка — Нет
Гражданство
Гражданство — Россия","Тип занятости: Основная работа
Готовность к командировкам: Не готов
Переезд: Невозможен
Сфера деятельности: Фитнес, салоны красоты
График работы: Полный день
Образование: Среднее специальное
Стаж работы: Без опыта
Пол: Женский
Возраст: 19 лет",[],"['Год окончания: 2025', 'медицинский колледж ПГУПС', 'сестринское дело']",['Гражданство — Россия'],"['Тип занятости: Основная работа', 'Готовность к командировкам: Не готов', 'Переезд: Невозможен', 'Сфера деятельности: Фитнес, салоны красоты', 'График работы: Полный день', 'Образование: Среднее специальное', 'Стаж работы: Без опыта', 'Пол: Женский', 'Возраст: 19 лет']"
98,№ 4467935671,"Опыт работы
11 лет и 4 месяца
Август 2013 — настоящее время
""3D Коллаген"", Косметолог
Терапевтические чистки лица Holly Land, Christina; Уходовые проц-ры по лицу; Пилинги; Массаж лица; Микротоки; Барофорез; Уз; Дарсонваль; Elight IPL(фотоэпиляция/фотоомоложение); Депиляция wax; БТА Релатокс; Контурная пластика; Биоревитализация; Плазмолифтинг; Collost; PLLA; Radies;
Учебные заведения
Год окончания: 1995
Кишиневский медицинский колледж
сестринское дело
Медкнижка
Медкнижка — Есть
Гражданство
Гражданство — Россия","Тип занятости: Основная работа, Подработка
Готовность к командировкам: Не готов
Переезд: Невозможен
Сфера деятельности: Фитнес, салоны красоты
График работы: Сменный график
Образование: Среднее специальное
Стаж работы: 11 лет
Пол: Женский
Возраст: 50 лет","['11 лет и 4 месяца', 'Август 2013 — настоящее время', '""3D Коллаген"", Косметолог', 'Терапевтические чистки лица Holly Land, Christina; Уходовые проц-ры по лицу; Пилинги; Массаж лица; Микротоки; Барофорез; Уз; Дарсонваль; Elight IPL(фотоэпиляция/фотоомоложение); Депиляция wax; БТА Релатокс; Контурная пластика; Биоревитализация; Плазмолифтинг; Collost; PLLA; Radies;']","['Год окончания: 1995', 'Кишиневский медицинский колледж', 'сестринское дело']",['Гражданство — Россия'],"['Тип занятости: Основная работа, Подработка', 'Готовность к командировкам: Не готов', 'Переезд: Невозможен', 'Сфера деятельности: Фитнес, салоны красоты', 'График работы: Сменный график', 'Образование: Среднее специальное', 'Стаж работы: 11 лет', 'Пол: Женский', 'Возраст: 50 лет']"
