message_id,message_text
442,"–í—Å–µ–º –ø—Ä–∏–≤–µ—Ç, –º–æ–∏ –¥–æ—Ä–æ–≥–∏–µ! 

–í–æ—Ç –∏ –∑–∞–∫–æ–Ω—á–∏–ª—Å—è –º–æ–π –æ—Ç–ø—É—Å–∫, –Ω–∞ —Å–∞–º–æ–º –¥–µ–ª–µ —è —É–∂–µ –≤–æ–≤—Å—é —Ä–∞–±–æ—Ç–∞—é üí™üèº
–ó–∞ —ç—Ç–æ –≤—Ä–µ–º—è —è —É—Å–ø–µ–ª–∞ –∑–∞—Ç–µ—Å—Ç–∏—Ç—å –¥–ª—è –≤–∞—Å –º–Ω–æ–≥–æ –Ω–æ–≤–∏–Ω–æ–∫, –∫–æ—Ç–æ—Ä—ã–µ —Å—Ç–∞–ª–∏ –º–æ–∏–º–∏ —Ñ–∞–≤–æ—Ä–∏—Ç–∞–º–∏! 

–î–µ–ª–∏—Ç–µ—Å—å –≤ –∫–æ–º–º–µ–Ω—Ç–∞—Ä–∏—è—Ö, –∫—Ç–æ, —á—Ç–æ —É—Å–ø–µ–ª –ø–æ–ø—Ä–æ–±–æ–≤–∞—Ç—å –∏–∑ –¥–∞–Ω–Ω—ã—Ö –ø—Ä–æ–¥—É–∫—Ç–æ–≤! 
–ü—Ä–∏—è—Ç–Ω–æ–≥–æ –ø—Ä–æ—Å–º–æ—Ç—Ä–∞ ü§ç"
441,"–ß–∞—Å—Ç—å 3.

–°—Ç—Ä–µ–ª–∫–∏ —Å–¥–µ–ª–∞–ª–∞ —Ñ–ª–æ–º–∞—Å—Ç–µ—Ä–æ–º –¥–ª—è –±—Ä–æ–≤–µ–π [JEANMISHEL ](https://goldapple.ru/19000046783-one)
–ü—É–¥—Ä–∞ By Terry 
–¢—É—à—å [Darling](https://goldapple.ru/19760313937-lash-cocoon) 
–ö—Ä–∞–Ω–∞–¥–∞—à –¥–ª—è –≥—É–± [Nikk Mole ](https://goldapple.ru/19000220943-lip-pencil)
–ü–æ–º–∞–¥–∞ [ANASTASIA BEVERLY HILLS](https://goldapple.ru/19000164743-satin-lipstick) 

–ï—Å–ª–∏ –±—ã–ª–æ –ø–æ–ª–µ–∑–Ω–æ –∂–¥—É –æ—Ç –≤–∞—Å —Ä–µ–∞–∫—Ü–∏–∏ –∏ –∫–æ–º–º–µ–Ω—Ç–∞—Ä–∏–∏ ü§ç"
440,"–ß–∞—Å—Ç—å 2. 

–ë—Ä–æ–Ω–∑–µ—Ä [Paese ](https://goldapple.ru/19000014795-selfglow)
–•–∞–π–ª–∞–π—Ç–µ—Ä [Paese ](https://goldapple.ru/19000014797-selfglow)
–¢–µ–Ω–∏ Dior soft cashmere
–ì–µ–ª—å –¥–ª—è –±—Ä–æ–≤–µ–π Vivienne sabo 
–ú–∞—Ä–∫–µ—Ä –¥–ª—è –±—Ä–æ–≤–µ–π [Influence](https://goldapple.ru/19000008528-brow-robot)"
439,"–ú–∞–∫–∏—è–∂ —Å–æ –º–Ω–æ–π! 

–ü—Ä–æ–¥—É–∫—Ç—ã, –∫–æ—Ç–æ—Ä—ã–µ —è –∏—Å–ø–æ–ª—å–∑–æ–≤–∞–ª–∞: 
–°—ã–≤–æ—Ä–æ—Ç–∫–∞ [MA:NYO](https://goldapple.ru/19000198790-bifida-biome-complex-ampoule)
–ö—Ä–µ–º [D'ALBA](https://goldapple.ru/19000076478-waterfull-essence-sun-cream-spf-50-pa)
–ö—Ä–µ–º –¥–ª—è –≥–ª–∞–∑ [SESDERMA](https://goldapple.ru/24780100005-c-vit) 
–¢–æ–Ω Mario 11N (—Å—Å—ã–ª–∫–∞ –Ω–∞ –±–∞–π–µ—Ä–∞ –≤ –º–æ–µ–º [–≥–∞–π–¥–µ)](https://samapokrovskaya.ru/guide) 
–ö–æ–Ω—Å–∏–ª–µ—Ä Valentino LN2
–ö–æ–Ω—Å–∏–ª–µ—Ä The Saem 1.0 
–ö–æ–Ω—Ç—É—Ä–∏—Ä—É—é—â–∏–π —Å—Ç–∏–∫ Westman Atelier biscuit  [(–≥–∞–π–¥)](https://samapokrovskaya.ru/guide)
–†—É–º—è–Ω–∞ Rose Inc hydrangea"
438,
437,
436,
435,"–í—Å–µ–º –ø—Ä–∏–≤–µ—Ç! üíî
–£ –º–µ–Ω—è –≤—ã—à–µ–ª –¥–æ–ª–≥–æ–∂–¥–∞–Ω–Ω—ã–π –≥–∞–π–¥, –∞ —Ç–æ—á–Ω–µ–µ –î–í–ê –≥–∞–π–¥–∞! 

–î–ª—è –∫–æ–≥–æ Guide 1.0? 

–ì–∞–π–¥ –æ—Ç–≤–µ—á–∞–µ—Ç –≤—Å–µ–º –ø–æ—Ç—Ä–µ–±–Ω–æ—Å—Ç—è–º –Ω–∞—á–∏–Ω–∞—é—â–∏—Ö –∏ –ø—Ä–æ–¥–æ–ª–∂–∞—é—â–∏—Ö –≤–∏–∑–∞–∂–∏—Å—Ç–æ–≤, –∞ —Ç–∞–∫–∂–µ —Ç–µ–º, –∫—Ç–æ —Ö–æ—á–µ—Ç –Ω–∞—É—á–∏—Ç—å—Å—è —Ä–∞–∑–±–∏—Ä–∞—Ç—å—Å –≤ –∫–æ—Å–º–µ—Ç–∏–∫–µ.

–Ø —Å–æ–±—Ä–∞–ª–∞ –¥–ª—è –≤–∞—Å –ø—Ä–æ–≤–µ—Ä–µ–Ω–Ω—ã–µ –ª–∏—á–Ω–æ –º–Ω–æ—é —Å–∞–º—ã–µ –ª—é–±–∏–º—ã–µ –ø—Ä–æ–¥—É–∫—Ç—ã —Ä–∞–∑–Ω–æ–≥–æ –±—é–¥–∂–µ—Ç–∞, —Ä–∞—Å–ø–∏—Å–∞–ª–∞ –∫–∞–∫–æ–º—É —Ç–∏–ø—É –∫–æ–∂–∏ –æ–Ω–∏ –ø–æ–¥—Ö–æ–¥—è—Ç! 

–ü–æ–¥–æ–±—Ä–∞–Ω—ã –ø—Ä–æ–¥—É–∫—Ç—ã, –∫–æ—Ç–æ—Ä—ã–µ –º–æ–∂–Ω–æ –∫—É–ø–∏—Ç—å –≤ –Ω–∞—à–µ–π —Å—Ç—Ä–∞–Ω–µ, –∞ —Ç–∞–∫–∂–µ –∑–∞ —Ä—É–±–µ–∂–æ–º.
–û—Ç–º–µ—Ç–∏–ª–∞ –ø—Ä–æ–≤–µ—Ä–µ–Ω–Ω—ã—Ö –±–∞–π–µ—Ä–æ–≤, —á—Ç–æ–±—ã —Å–±–µ—Ä–µ—á—å –≤–∞—à–µ –≤—Ä–µ–º—è –∏ –¥–µ–Ω–µ–∂–Ω—ã–µ —Å—Ä–µ–¥—Å—Ç–≤–∞.
–¢–∞–∫–∂–µ –æ—Å—Ç–∞–≤–∏–ª–∞ –∞–∫—Ç–∏–≤–Ω—ã–µ —Å—Å—ã–ª–∫–∏, –ø–æ –∫–æ—Ç–æ—Ä—ã–º –º–æ–∂–Ω–æ –ø–µ—Ä–µ–π—Ç–∏ –∏ —Å—Ä–∞–∑—É –∫—É–ø–∏—Ç—å –Ω—É–∂–Ω—ã–µ –¥–ª—è —Å–µ–±—è –ø—Ä–æ–¥—É–∫—Ç—ã.
–î–ª—è –æ—Å–æ–±–æ —Å–æ–º–Ω–µ–≤–∞—é—â–∏—Ö—Å—è –≤ –æ—Ç—Ç–µ–Ω–∫–∞—Ö —è —Å–¥–µ–ª–∞–ª–∞ –í–ò–î–ï–û —Å–≤–æ—Ç—á–µ–π! –ü–æ—Ç–æ–º—É —á—Ç–æ —á–∞—Å—Ç–æ –º—ã —Å—Ç–∞–ª–∫–∏–≤–∞–µ–º—Å—è —Å —Ç–µ–º, —á—Ç–æ —Ñ–æ—Ç–æ –≤ –º–∞—Ä–∫–µ—Ç–ø–ª–µ–π—Å–µ –Ω–µ —Å–æ–æ—Ç–≤–µ—Ç—Å—Ç–≤—É–µ—Ç —Ä–µ–∞–ª—å–Ω–æ–º—É –æ—Ç—Ç–µ–Ω–∫—É –ø—Ä–æ–¥—É–∫—Ç–∞.

–ì–∞–π–¥ ‚ÄúBrushes 1.0‚Äù

–ì–¥–µ —è –Ω–∞–≥–ª—è–¥–Ω–æ –ø–æ–∫–∞–∑—ã–≤–∞—é —Å–≤–æ–∏ –ª—é–±–∏–º—ã–µ –∫–∏—Å—Ç–∏ –¥–ª—è –º–∞–∫–∏—è–∂–∞: –∫–∞–∫–∏–µ –¥–ª—è —á–µ–≥–æ –Ω—É–∂–Ω—ã, –≤—Å–µ –≤–∏–¥—ã –∫–∏—Å—Ç–µ–π –∏ –∏—Ö –ø—Ä–µ–¥–Ω–∞–∑–Ω–∞—á–µ–Ω–∏–µ
–†–∞–∑–Ω–æ–≤–∏–¥–Ω–æ—Å—Ç–∏ –∫–∏—Å—Ç–µ–π –ø–æ —Ç–∏–ø—É –≤–æ—Ä—Å–∞, –±—é–¥–∂–µ—Ç—É –∏ –∏—Ö –∞–Ω–∞–ª–æ–≥–∏. 
–¢–∞–∫–∂–µ –æ—Å—Ç–∞–≤–ª—è—é –∞–∫—Ç–∏–≤–Ω—ã–µ —Å—Å—ã–ª–∫–∏, –ø–æ –∫–æ—Ç–æ—Ä—ã–º –º–æ–∂–Ω–æ –ø—Ä–æ–π—Ç–∏ –∏ —Å—Ä–∞–∑—É –∑–∞–∫–∞–∑–∞—Ç—å –Ω—É–∂–Ω—ã–µ –¥–ª—è —Å–µ–±—è –∫–∏—Å—Ç–∏, —Å–ø–æ–Ω–∂–∏, —Å–∞–ª—Ñ–µ—Ç–∫–∏ –¥–ª—è –æ—á–∏—â–µ–Ω–∏—è –∫–∏—Å—Ç–µ–π! 

–°—Ç–æ–∏–º–æ—Å—Ç—å –≥–∞–π–¥–∞ —Å –∫–æ—Å–º–µ—Ç–∏–∫–æ–π ‚ÄúGUIDE 1.0‚Äù
‚ùóÔ∏è700‚ÇΩ ‚ùóÔ∏è

–°—Ç–æ–∏–º–æ—Å—Ç—å –≥–∞–π–¥–∞ —Å –∫–æ—Å–º–µ—Ç–∏–∫–æ–π + –≥–∞–π–¥ –ø–æ –∫–∏—Å—Ç—è–º
 ‚ÄúGUIDE 1.0‚Äù + ‚ÄúBRUSHES 1.0‚Äù 
‚ùóÔ∏è900‚ÇΩ ‚ùóÔ∏è

–î–ª—è –æ–ø–ª–∞—Ç—ã –ø–∏—à–∏—Ç–µ –º–æ–µ–º—É –º–µ–Ω–µ–¥–∂–µ—Ä—É –≤ –¢–ì 
+7 981 703 6262 –ï–∫–∞—Ç–µ—Ä–∏–Ω–∞"
434,
433,
432,"–†–µ—à–∏–ª–∞ –Ω–µ –∂–¥–∞—Ç—å –∑–∞–≤—Ç—Ä–∞—à–Ω–µ–≥–æ –¥–Ω—è. 
–°–µ–≥–æ–¥–Ω—è —è –Ω–µ —Å–ø–∞–ª–∞ –ø–æ—á—Ç–∏ –¥–æ 04:00. –í—Å–µ –ø–æ—Ç–æ–º—É —á—Ç–æ –º–µ–Ω—Ç–∞–ª—å–Ω–æ —è –∂–∏–≤—É –ø–æ –ù–ô –≤—Ä–µ–º–µ–Ω–∏ü•π
–ù—É, –∞ —á–µ–º —è –≤ –Ω–æ—á–∏ –∑–∞–Ω–∏–º–∞–ª–∞—Å—å? –Ø —Å–º–æ—Ç—Ä–µ–ª–∞ MetGala 2024.

–ö–æ–Ω–µ—á–Ω–æ –∂–µ, –º–æ–∏ –≥–ª–∞–∑–∞ –∂–∞–∂–¥–∞–ª–∏ –Ω–∞—Å—ã—Ç–∏—Ç—å—Å—è —ç—Ç–∏–º –±—É–π—Å—Ç–≤–æ–º —Ä–æ—Å–∫–æ—à–Ω—ã—Ö –∂–µ–Ω—â–∏–Ω, —Ç–∞–∫ —Ö–æ—Ç–µ–ª–æ—Å—å –∑–∞—Ä—è–¥–∏—Ç—å—Å—è. –ò –ø–æ–∫–∞ —è —Å–º–æ—Ç—Ä–µ–ª–∞ –¥–æ—Ä–æ–∂–∫—É —á—É–≤—Å—Ç–≤–∞ –±—ã–ª–∏ —Ä–∞–∑–Ω—ã–µ. –ò —Ç—É—Ç –ø–æ—è–≤–∏–ª–∞—Å—å –æ–Ω–∞. –ù–µ –ø–æ –¥—Ä–µ—Å—Å –∫–æ–¥—É. –ù–æ –≤—Å–µ –≤–Ω—É—Ç—Ä–∏ –ø–µ—Ä–µ–≤–µ—Ä–Ω—É–ª–æ—Å—å. –ò –≤–æ—Ç —è –∑–æ–≤—É –î–∞—à—É(–º–æ–¥–µ–ª—å), –±—ã—Å—Ç—Ä–æ —É—Ç—Ä–æ–º –∏—â—É –ø–ª–∞—Ç—å–µ –∏ –∞–∫—Å–µ—Å—Å—É–∞—Ä—ã. –ò –¥–∞) –≤–¥–æ—Ö–Ω–æ–≤–ª—è—é—Å—å. 
–í—Å–ø–æ–º–∏–Ω–∞—é—Ç —Ä—É–∫–∏ –≤—Å–µ —Å—Ç–∞–π–ª–∏–Ω–≥–æ–≤—ã–µ —Å—Ä–µ–¥—Å—Ç–≤–∞, –ø–∞–ª–µ—Ç–∫–∏ –æ—Ç –¢–æ–º –§–æ—Ä–¥–∞ —Ç–∞–∫ –∏ –ø—Ä–æ—Å—è—Ç—Å—è –º–Ω–µ –≤ —Ä—É–∫–∏üòé –∏ –≤–æ—Ç –æ–Ω–æ. –ö–∞–∫ –∂–µ —è –∫–∞–π—Ñ–∞–Ω—É–ª–∞. –ë—ã–ª–æ —à–∏–∫–∞—Ä–Ω–æ."
431,
430,
429,
428,
427,
426,
425,
424,
423,
422,"–ß—Ç–æ —è –æ—Ç–º–µ—Ç–∏–ª–∞ –¥–ª—è —Å–µ–±—è –Ω–∞ met gala 2024? 
–°—é–¥–∞ –ø–æ–ø–∞–ª–∏ –∏ –æ–±—Ä–∞–∑—ã, –∫–æ—Ç–æ—Ä—ã–µ –Ω–∏–∫–∞–∫ –Ω–µ —Å–≤—è–∑–∞–Ω—ã —Å –¥—Ä–µ—Å—Å –∫–æ–¥–æ–º, –∏ –æ–±—Ä–∞–∑—ã, –∫–æ—Ç–æ—Ä—ã–µ –∫–∞–∂—É—Ç—Å—è —Å –ø–µ—Ä–µ–≥–∏–±–æ–º. –ù–æ –æ–Ω–∏ —è–≤–Ω–æ –æ—Ç–∫–ª–∏–∫–∞—é—Ç—Å—è –≤–æ –º–Ω–µ. 
–í –æ—Å—Ç–∞–ª—å–Ω—ã—Ö —Å–ª—É—á–∞—è—Ö –Ω–µ —Å–ª—É—á–∏–ª–æ—Å—å –º—ç—Ç—á–∞: –º–∞–∫–∏—è–∂/–ø—Ä–∏—á–µ—Å–∫–∞/–æ–±—Ä–∞–∑. 
–ö–æ—Ä–æ—á–µ, —Å—É–±—ä–µ–∫—Ç–∏–≤–∏–∑–º –æ—Ç –º–µ–Ω—è. –ï—Å–ª–∏ –µ—Å—Ç—å –∂–µ–ª–∞–Ω–∏–µ, –¥–µ–ª–∏—Ç–µ—Å—å –≤ –∫–æ–º–º–µ–Ω—Ç–∞—Ä–∏—è—Ö —Å–≤–æ–∏–º –º–Ω–µ–Ω–∏–µ–º!"
420,"1 –¢–æ–Ω–∞–ª—å–Ω–æ–µ —Å—Ä–µ–¥—Å—Ç–≤–æ Nars Light Reflecting Foundation, Vienna
 2 –ö–æ–Ω—Å–∏–ª–µ—Ä Naj Oleari, 01 Beige Chiaro

‚ùóÔ∏è2000‚ÇΩ‚ùóÔ∏è"
410,"–í—Å–µ–º –ø—Ä–∏–≤–µ—Ç, –¥–æ—Ä–æ–≥–∏–µ! ü§ç
–†–µ—à–∏–ª–∞ —É—Å—Ç—Ä–æ–∏—Ç—å —Ä–∞—Å–ø—Ä–æ–¥–∞–∂—É –∫–æ—Å–º–µ—Ç–∏–∫–∏! 
–ë—É–¥—É –≤—ã–≥—Ä—É–∂–∞—Ç—å –ª–æ—Ç—ã —Å –æ–ø–∏—Å–∞–Ω–∏–µ–º –∏ —Ü–µ–Ω–æ–π, –±–µ–∑ —Å–≤–æ—Ç—á–µ–π! 
–¶–µ–Ω–∞ —Ñ–∏–∫—Å–∏—Ä–æ–≤–∞–Ω–Ω–∞! 
–û—Ç–ø—Ä–∞–≤–∫–∞ –∑–∞—Å—á–µ—Ç –ø–æ–∫—É–ø–∞—Ç–µ–ª—è —á–µ—Ä–µ–∑ –°–î–≠–ö. 
–ü—Ä–æ—à—É –ø–∏—Å–∞—Ç—å –≤ –∫–æ–º–º–µ–Ω—Ç–∞—Ä–∏—è—Ö —Ç–æ–ª—å–∫–æ —Ç–µ–º, –∫—Ç–æ –¥–µ–π—Å—Ç–≤–∏—Ç–µ–ª—å–Ω–æ, —Ö–æ—á–µ—Ç –∫—É–ø–∏—Ç—å."
409,
408,
407,
406,
405,
404,
403,
402,"–ü–æ–ª–µ–∑–Ω–æ—Å—Ç–∏,–∫–æ—Ç–æ—Ä—ã–µ —Å–¥–µ–ª–∞—é—Ç –∏–∑ –≤–∞—Å –º–æ–¥–Ω–∏—Ü—É, –∫–∞–∫ –º–∏–Ω–∏–º—É–º –ù–µ–¥–µ–ª–∏ –ú–æ–¥—ã –≤ –ü–∞—Ä–∏–∂–µ:
 1 [https://www.lamoda.ru/p/MP002XU0DC1K/](https://www.lamoda.ru/p/MP002XU0DC1K/)
 2 [https://www.lamoda.ru/p/MP002XU0DD1K/](https://www.lamoda.ru/p/MP002XU0DD1K/)
 3 [https://www.lamoda.ru/p/MP002XU0DC12/](https://www.lamoda.ru/p/MP002XU0DC12/)
 4 [https://www.lamoda.ru/p/MP002XW0PHBB/](https://www.lamoda.ru/p/MP002XW0PHBB/)
 5 [https://www.lamoda.ru/p/MP002XU04ZEI/](https://www.lamoda.ru/p/MP002XU04ZEI/)
 6 [https://www.lamoda.ru/p/MP002XU00Q58/](https://www.lamoda.ru/p/MP002XU00Q58/)
 7 [https://www.lamoda.ru/p/MP002XW14ZEO/](https://www.lamoda.ru/p/MP002XW14ZEO/)
 8 [https://www.lamoda.ru/p/MP002XU0D703/](https://www.lamoda.ru/p/MP002XU0D703/)

–°–µ–±–µ –±—ã –≤–∑—è–ª–∞ –ø–µ—Ä–≤—ã–µ, –∫–æ—Ä–∏—á–Ω–µ–≤—ã–µ, –≤ –∫–æ—Ç–æ—Ä—ã—Ö —è –ø—Ä–æ—Å—Ç–æ –ø–æ–¥—Ä—É–∂–∫–∞ –ë—ç–∫—Ö–µ–º–∞. 

–ê –ø–æ—Ç–æ–º —è —É–≤–∏–¥–µ–ª–∞ —É –ë—É—Ä–∏–º–æ–≤–æ–π –∏—Ö [@vehla](https://www.instagram.com/vehlaeyewear?igsh=bjFvamJ4ZWxzYmIz) –∏ —Å–µ—Ä–¥—Ü–µ –º–æ–µ –¥—Ä–æ–≥–Ω—É–ª–æ üíî"
392,
391,
390,
389,
388,
387,
386,
385,"__–ü–ª–∞–Ω—ã –Ω–∞ –ø–æ—Å–ª–µ–¥–Ω–∏–µ —Ç—Ä–∏ –¥–Ω—è: __

–£–µ—Ö–∞—Ç—å –∑–∞ –≥–æ—Ä–æ–¥ 
–û—Ç–º–µ—Ç–∏—Ç—å –¥–µ–Ω—å —Ä–æ–∂–¥–µ–Ω–∏–µ –ø–æ–¥—Ä—É–≥–∏ 
–ú–Ω–æ–≥–æ –≥—É–ª—è—Ç—å 
–í–∫—É—Å–Ω–æ –µ—Å—Ç—å 
–ß–µ—Ä–µ–¥–æ–≤–∞—Ç—å —Å–ø–∞, —Å–∞—É–Ω—É –∏ –±–∞—Å—Å–µ–π–Ω 

Location: [https://www.instagram.com/tapiola.club?igsh=dnZ3Mjdvb2JubDI0](https://www.instagram.com/tapiola.club?igsh=dnZ3Mjdvb2JubDI0)"
384,"–ù–∞ YouTube –≤—ã—à–ª–æ –Ω–æ–≤–æ–µ [–≤–∏–¥–µ–æ!](https://youtu.be/ymcMuBduLAg?si=6kculik_sWPE8O3b) 
–ò–Ω—Ç–µ—Ä–≤—å—é —Å –º–æ–µ–π –º–∏–Ω–¥–∞–ª—å–Ω–æ–π —Å–µ—Å—Ç—Ä–æ–π [–ù–∏–∫–æ–π](https://t.me/nikoletkova) –≥–¥–µ –º—ã –æ–±—Å—É–∂–¥–∞–µ–º –≤–∞–∂–Ω—ã–µ —Ç–µ–º—ã: –¥—Ä—É–∂–±–∞ —Å—Ä–µ–¥–∏ –≤–∏–∑–∞–∂–∏—Å—Ç–æ–≤, –Ω–æ–≤—ã–π –æ–Ω–ª–∞–π–Ω –∏ –¥–∞–∂–µ ü§∞üèº"
383,
382,
381,
380,
379,
378,
377,"–ù–∞–±–µ–≥ –Ω–∞ –∑–æ–ª–æ—Ç–æ–µ üçè

–°–Ω—è–ª–∞ –¥–ª—è –≤–∞—Å –æ–±–∑–æ—Ä –ª—É—á—à–∏—Ö, –ø–æ –º–æ–µ–º—É –º–Ω–µ–Ω–∏—é, –∫—É—à–æ–Ω–æ–≤! 

1. [Klavuu –¥–µ–ª–∏–∫–∞—Ç–Ω–æ–µ](https://goldapple.ru/19000111150-urban-pearlsation-high-coverage-tension-cushion-ex-spf50-pa) —Ç–æ–Ω–∫–æ–µ –ø–æ–∫—Ä—ã—Ç–∏–µ —Å —ç—Ñ—Ñ–µ–∫—Ç–æ–º —Å–∏—è–Ω–∏—è 
2. [AGE 20S noble glow](https://goldapple.ru/19000163501-noble-glow) —Å–∏—è—é—â–∏–π —Ñ–∏–Ω–∏—à —Å –ª–µ–≥–∫–∏–º –ø–æ–∫—Ä—ã—Ç–∏–µ–º 
3. [LUNA long lasting conceal wear cushion](https://goldapple.ru/19000163524-long-lasting-conceal-wear) –±–æ–ª–µ–µ –ø–ª–æ—Ç–Ω–æ–µ –ø–æ–∫—Ä—ã—Ç–∏–µ, –µ—Å—Ç—å –∫–∞–∫ –∏ –º–∞—Ç–æ–≤—ã–π —Ñ–∏–Ω–∏—à, —Ç–∞–∫ –∏ —Å–∏—è—é—â–∏–π
4.  [CLIO kill cover fixer ](https://goldapple.ru/19000123133-kill-cover-fixer) 
–ü—Ä–µ–¥—Å—Ç–∞–≤–ª–µ–Ω—ã –≤ –¥–≤—É—Ö –≤–∞—Ä–∏–∞—Ü–∏—è—Ö, –æ–±–∞ –∏–º–µ—é—Ç –º–∞—Ç–æ–≤—ã–π —Ñ–∏–Ω–∏—à, –Ω–æ —Å —Ä–∞–∑–Ω–æ–π —Å—Ç–µ–ø–µ–Ω—å—é –ø–æ–∫—Ä—ã—Ç–∏—è

–ñ–¥—É –≤–∞—à–∏ –∫–æ–º–º–µ–Ω—Ç–∞—Ä–∏–∏, –æ–±–∑–æ—Ä –∫–∞–∫–∏—Ö –ø—Ä–æ–¥—É–∫—Ç–æ–≤ –¥–µ–ª–∞–µ–º –≤ —Å–ª–µ–¥—É—é—â–∏–π —Ä–∞–∑?"
376,
375,"–í—Å–µ–º –ø—Ä–∏–≤–µ—Ç! 
–î–∞–≤–Ω–æ –Ω–µ –ø–æ–∫–∞–∑—ã–≤–∞–ª–∞ –≤–∞–º —Å–≤–æ–∏—Ö –Ω–æ–≤—ã—Ö —Ä–∞–±–æ—Ç, –∏ –¥–∞–≤–Ω–æ –Ω–µ –¥–µ–ª–∞–ª–∞ —Å–º–æ–∫–∏! 
–ú–Ω–µ –∫–∞–∂–µ—Ç—Å—è –æ–±—Ä–∞–∑ –ø–æ–ª—É—á–∏–ª—Å—è –Ω–µ—Ä–µ–∞–ª—å–Ω—ã–º üíî
–ö–∞–∫ –≤–∞–º? 
–î–µ–ª–∏—Ç—å—Å—è –ø—Ä–æ–¥—É–∫—Ç–∞–º–∏? üòè"
374,"–°–Ω—è–ª–∞ –¥–ª—è –≤–∞—Å –∞–Ω–ø–∞–∫–∏–Ω–≥ –≤ –Ω–æ–≤–æ–º –≤–∏–¥–µ–æ —Ñ–æ—Ä–º–∞—Ç–µ ‚ú®
–ú–Ω–æ—é –ª—é–±–∏–º—ã–π –±—Ä–µ–Ω–¥ Darling –ø—Ä–∏—Å–ª–∞–ª –ø–æ—Å—ã–ª–∫—É —Å –∫–æ—Å–º–µ—Ç–∏–∫–æ–π –∏ –∫–∏—Å—Ç—è–º–∏. 
–î–µ–ª—é—Å—å —Å–≤–æ–∏–º–∏ –≤–ø–µ—á–∞—Ç–ª–µ–Ω–∏—è–º–∏! 

–ö—Ç–æ –∑–Ω–∞–∫–æ–º —Å –¥–∞–Ω–Ω—ã–º –±—Ä–µ–Ω–¥–æ–º?"
373,"–ö–∞–∫ –≤–∞—à–∏ –¥–µ–ª–∞? –†–∞—Å—Å–∫–∞–∑—ã–≤–∞–π—Ç–µ! 
–í—Å–µ –ø–æ—Å–º–æ—Ç—Ä–µ–ª–∏ —É–∂–µ –Ω–æ–≤–æ–µ –≤–∏–¥–µ–æ –Ω–∞ YouTube?"
372,
371,"–ú–æ–∏ –ª—é–±–∏–º—ã–µ, –Ω–∞ YouTube –∫–∞–Ω–∞–ª–µ –≤—ã—à–ª–æ –Ω–æ–≤–æ–µ [–≤–∏–¥–µ–æ](https://youtu.be/SvNjsduPLqY?si=W9-8-x7lCouHUlob) ¬´–ü—É—Å—Ç—ã–µ –±–∞–Ω–æ—á–∫–∏¬ª 
–ù–∞–ª–∏–≤–∞–π—Ç–µ —Å–µ–±–µ —á–∞–π, —Å–∞–¥–∏—Ç–µ—Å—å –ø–æ—É–¥–æ–±–Ω–µ–µ –∏ –≤—Å–µ–º –ø—Ä–∏—è—Ç–Ω–æ–≥–æ –ø—Ä–æ—Å–º–æ—Ç—Ä–∞ ‚ù§Ô∏è"
370,
369,
368,"–†–∞–±–æ—Ç–∞ –Ω–∞ –ø–æ–≤—ã—à–µ–Ω–∏–∏

–ï—Å–ª–∏ –≤—ã –¥—É–º–∞–µ—Ç–µ, —á—Ç–æ –ø—Ä–∏–¥—è –Ω–∞ —É—Ä–æ–∫ –∫ –ø—Ä–µ–ø–æ–¥–∞–≤–∞—Ç–µ–ª—é, –≤—ã —Å—Ä–∞–∑—É –Ω–∞—á–Ω–µ—Ç–µ –∫—Ä–∞—Å–∏—Ç—å —Ç–∞–∫ –∂–µ, –¥–µ–ª–∞—Ç—å —Ç–∞–∫ –∂–µ, —Å–æ–±–∏—Ä–∞—Ç—å —Å—Ç–∞–¥–∏–æ–Ω—ã, –¥–æ—Å—Ç–∞–≤–∞—Ç—å –Ω–∞ –ª–æ–ø–∞—Ç–µ –º–∏–ª–ª–∏–æ–Ω—ã-—Ç–æ –≤—ã –Ω–µ —Å–æ–≤—Å–µ–º –ø—Ä–∞–≤—ã.

–ù–∞—á–Ω–µ—Ç–µ! –ù–æ –Ω–µ —Å—Ä–∞–∑—É.  –ú–µ–∂–¥—É —Ç–æ—á–∫–æ–π –ê –∏ —Ç–æ—á–∫–æ–π –≤–∞—à–µ–≥–æ –º–∏–ª–ª–∏–æ–Ω–Ω–æ–≥–æ –ë –µ—Å—Ç—å –Ω–µ–∫–∏–π –ø—É—Ç—å. 

–†–∞–±–æ—Ç–∞!
–†–∞–±–æ—Ç–∞! 
–†–∞–±–æ—Ç–∞!

–ê —É –º–µ–Ω—è –Ω–∞ –ø–æ–≤—ã—à–µ–Ω–∏–∏ –µ–µ –º–Ω–æ–≥–æ: —Ä–∞–±–æ—Ç–∞ —Å —É—Ö–æ–¥–æ–≤—ã–º–∏ —Å—Ä–µ–¥—Å—Ç–≤–∞–º–∏, —Ä–∞–∑–±–æ—Ä –ø—Ä–æ–¥—É–∫—Ç–æ–≤, –Ω—é–∞–Ω—Å—ã –∫–æ–∂–∏, —Ä–∞–±–æ—Ç–∞ —Å –∫–æ–∂–µ–π, –≤—ã—Ö–æ–ª–µ–Ω–Ω–æ—Å—Ç—å –∏ –≤—ã–ª–∏–∑–∞–Ω–Ω–æ—Å—Ç—å –∫–∞–∂–¥–æ–≥–æ –∏–∑–≥–∏–±–∞, —Å—Ç—Ä–µ–ª–∫–∞, —Ç–µ–Ω–∏, —Å–æ—á–Ω–æ—Å—Ç—å —Ä–µ–∑—É–ª—å—Ç–∞—Ç–∞.

–ê?! –ù–µ—Ç, –Ω–µ –¥—É–º–∞–ª–∏ –æ–± —ç—Ç–æ–º? 

–î—É–º–∞–µ—Ç–µ, —á—Ç–æ –æ–¥–∏–Ω —Ä–∞–∑ —Ñ–∏–ª—å—Ç—Ä–∏–∫ –Ω–∞–ª–æ–∂–∏–ª –∏ –≤—Å–µ? –ù–æ –≤–∞—à–∏ —Å—Ç—É–¥–µ–Ω—Ç—ã —ç—Ç–æ –ø–æ—Ç–æ–º —É–≤–∏–¥—è—Ç, –ø–æ–π–º—É—Ç, —á—Ç–æ –Ω–∏—á–µ–º—É –Ω–µ –Ω–∞—É—á–∏–ª–∏—Å—å, –∞ –≥–ª–∞–≤–Ω–æ–µ-—Ç–∞–∫–æ–π —Ä–µ–∑—É–ª—å—Ç–∞—Ç –±—É–¥–µ—Ç –Ω–∞ –∫–ª–∏–µ–Ω—Ç–∞—Ö.

–ü–æ—ç—Ç–æ–º—É —è –Ω–∞–≥—Ä—É–∂–∞—é —Å–≤–æ–∏—Ö —É—á–µ–Ω–∏–∫–æ–≤! –û—Ç—Ä–∞–±–æ—Ç–∫–∞–º–∏, —Ç–µ—Ö–Ω–∏–∫–æ–π, —Ä–∞–±–æ—Ç–æ–π —Å —Ñ–æ—Ç–æ –∏ –≤–∏–¥–µ–æ –ø–æ—Å–ª–µ.

–ó–∞–ø–∏—Å—å –Ω–∞ –∞–ø—Ä–µ–ª—å –∏ –¥–∞–ª–µ–µ-–µ—Å–ª–∏ –≤—ã –¥–µ–π—Å—Ç–≤–∏—Ç–µ–ª—å–Ω–æ —Ö–æ—Ç–∏—Ç–µ‚ù§Ô∏è"
367,"Online Wedding Date

–í—Å—ë –æ –°–≤–∞–¥–µ–±–Ω–æ–º –º–∞–∫–∏—è–∂–µ –≤ —ç—Ç–æ–º –≥–æ—Ä—è—á–µ–º —Å–µ–∑–æ–Ω–µ.

–ü–µ—Ä–µ–¥ –≤–∞–º–∏ –ù–ï–í–ï–°–¢–ê –°–¢–ï–ô–¢–ï–ú–ê, –∞ –∑–Ω–∞—á–∏—Ç, —á—Ç–æ online –±—É–¥–µ—Ç –∂–∞—Ä–∫–∏–ºü§§
–ù–æ –æ—á–µ–Ω—å –ø–æ–Ω—è—Ç–Ω—ã–º!
–°–∞–º—ã–º –ü–†–û–°–¢–´–ú —è–∑—ã–∫–æ–º –æ –°–õ–û–ñ–ù–û–ú. 

–û–±—Ä–∞–∑—ã –í–ù–ï –í–†–ï–ú–ï–ù–ò.
4 –æ–±—Ä–∞–∑–∞:
-2 —Å–≤–∞–¥–µ–±–Ω—ã—Ö –æ–±—Ä–∞–∑–∞ 
-–æ–±—Ä–∞–∑ –ø–æ–¥—Ä—É–∂–∫–∏ –Ω–µ–≤–µ—Å—Ç—ã
-–ª–∏—Ñ—Ç–∏–Ω–≥ –º–∞–∫–∏—è–∂.

–õ—é–±–æ–º—É –≤–∏–∑–∞–∂–∏—Å—Ç—É, –ø—Ä–æ—Ñ–∏ –∏ –Ω–∞—á–∏–Ω–∞—é—â–µ–º—É.
–•–æ—á–µ—à—å –ø–æ–¥—Ä–æ–±–Ω–µ–µ —É–∑–Ω–∞—Ç—å –æ –ø—Ä–æ–≥—Ä–∞–º–º–µ-–ø–µ—Ä–µ—Ö–æ–¥–∏ –ø–æ —Å—Å—ã–ª–∫–µ –Ω–∞ –º–æ–π —Å–∞–π—Ç [samapokrovskaya.ru/online](https://samapokrovskaya.ru/online) 

–ê –¥–æ 7.04 —Å–∞–º—ã–µ –≤—ã–≥–æ–¥–Ω—ã–µ —É—Å–ª–æ–≤–∏—è –ø–æ —Å—Ç–æ–∏–º–æ—Å—Ç–∏üëåüèª

ü§ç–ï—Å—Ç—å –º–µ–∂–¥—É–Ω–∞—Ä–æ–¥–Ω–∞—è –æ–ø–ª–∞—Ç–∞."
366,
365,"Unpacking –±—Ä–µ–Ω–¥–∞ NE BLEDNAYA 
–í –≤–∏–¥–µ–æ —Ä–∞—Å—Å–∫–∞–∑–∞–ª–∞ –∫–∞–∫–∏–µ –Ω–æ–≤–∏–Ω–∫–∏ –¥–∞–Ω–Ω–æ–≥–æ –±—Ä–µ–Ω–¥–∞ –º–Ω–µ –ø—Ä–∏–≥–ª—è–Ω—É–ª–∏—Å—å! ü§©
–ö—Ç–æ –∑–Ω–∞–∫–æ–º/ –Ω–µ –∑–Ω–∞–∫–æ–º —Å –¥–∞–Ω–Ω—ã–º –±—Ä–µ–Ω–¥–æ–º? –†–∞—Å—Å–∫–∞–∑—ã–≤–∞–π—Ç–µ!"
364,
363,
362,
361,"–û—Å–∫–∞—Ä –ø—Ä–æ—à–µ–ª. –í—Å–µ –∞–±—Å–æ–ª—é—Ç–Ω–æ –∑–∞–∫–æ–Ω–æ–º–µ—Ä–Ω–æ.
–î–∞ –ø—Ä–æ—Å—Ç–∏—Ç –º–µ–Ω—è –º–æ–π –º—É–∂, –Ω–æ –ö–∏–ª–ª–∏–∞–Ω –∫—Ä–∞—Å–∞–≤—á–∏–∫ –≥–æ–ª—É–±–æ–≥–ª–∞–∑—ã–π –≤–∑—è–ª —Å–≤–æ–µ!
–ó–Ω–∞—é, —á—Ç–æ —Å–∫–æ—Ä–æ –±—É–¥—É —Å–∏–¥–µ—Ç—å –≤ –∑–∞–ª–µ —Å–∞–º–∞. –û–±—è–∑–∞—Ç–µ–ª—å–Ω–æ.
–ù–æ —è –±—ã —Ö–æ—Ç–µ–ª–∞ —Å–µ–π—á–∞—Å –≤—ã–¥–µ–ª–∏—Ç—å –¥–≤–∞ —Å–∞–º—ã—Ö —Å–∞–º—ã—Ö –¥–ª—è –º–µ–Ω—è –æ–±—Ä–∞–∑–∞ –ø–æ –≤—Å–µ–º—É. –ê –º–æ—è –ª—é–±–∏–º–∏—Ü–∞ –ó–µ–Ω–¥–∞—è, –∫ —Å–æ–∂–∞–ª–µ–Ω–∏—é, –Ω–µ –≤–æ—à–ª–∞ –≤ —ç—Ç—É –¥–≤–æ–π–∫—É, —Å—Ç—Ä–∞–Ω–Ω–æ–µ –ø–ª–∞—Ç—å–µ , –∫–∞–∫ –ø–æ –º–Ω–µ. –ù–æ –≤–æ—Ç –æ–Ω–∏) –∂–µ–º—á—É–∂–∏–Ω–∫–∏"
360,
359,
358,
357,
356,
355,
354,
353,"–ú–∏–Ω–∏ –Ω–∞–±–µ–≥ –Ω–∞ –ó–Ø üçè

–û–±–∑–æ—Ä –Ω–æ–≤–∏–Ω–æ–∫ –∏ –Ω–µ —Ç–æ–ª—å–∫–æ: 
‚ö°Ô∏è–ú–∞—Å–ª–∞ –æ—Ç Clarins
‚ö°Ô∏è–ë–ª–µ—Å–∫–∏ –¥–ª—è —ç—Ñ—Ñ–µ–∫—Ç–∞ Cherry Lips 
‚ö°Ô∏è–¢–æ–Ω –¥–ª—è –∫–æ–º–±–∏ –∫–æ–∂–∏ –æ—Ç Guerlain 
‚ö°Ô∏è–ò –±—é–¥–∂–µ—Ç–Ω—ã–π –∞–Ω–∞–ª–æ–≥ –±–µ—Å–∫–∞–º –æ—Ç –•—ç–π–ª–∏ –ë–∏–±–µ—Ä! 

–í –∫–æ–º–º–µ–Ω—Ç–∞—Ä–∏—è—Ö –∂–¥—É –∑–∞–ø—Ä–æ—Å—ã, –ø–æ –∫–æ—Ç–æ—Ä—ã–º —Å–¥–µ–ª–∞—é –æ–±–∑–æ—Ä –≤ –Ø–±–ª–æ–∫–µ –≤ —Å–ª–µ–¥—É—é—â–∏–π —Ä–∞–∑!"
352,"–ö—Ä–æ—à–∫–∏ –º–æ–∏ —à–∏–∫–∞—Ä–Ω—ã–µ, —Ä–æ—Å–∫–æ—à–Ω—ã–µ —Ç–∏–≥—Ä–∏—Ü—ã –∏ –ª—å–≤–∏—Ü—ã, –¥–∏–∫–∏–µ –∏ –¥–æ–º–∞—à–Ω–∏–µ, –≤—Å–µ—Ö –Ω–∞—Å —Å –ø—Ä–∞–∑–¥–Ω–∏–∫–æ–º! 
–ü—É—Å—Ç—å –∫–∞–∂–¥—ã–π –¥–µ–Ω—å –±—É–¥–µ—Ç –≤ —Ç–µ–ø–ª–µ –∏ –∑–∞–±–æ—Ç–µ —É –∫–∞–∂–¥–æ–π. –ù–µ —Ç–æ–ª—å–∫–æ —Å–µ–≥–æ–¥–Ω—è. –ó–∞—Ü–µ–ª–æ–≤–∞–ª–∞ –∏ –∑–∞–æ–±–Ω–∏–º–∞–ª–∞ ü§ç"
351,"–ü–∞–Ω–∏–∫–∞ –æ—Ç–º–µ–Ω—è–µ—Ç—Å—è, —Ä–∞–±–æ—Ç–∞–µ–º –¥–∞–ª—å—à–µ ü§£
–£ –≤—Å–µ—Ö –∑–∞—Ä–∞–±–æ—Ç–∞–ª –∏–Ω—Å—Ç?"
350,"–ú–æ–∏ –¥–æ—Ä–æ–≥–∏–µ, don‚Äôt panic‚ùóÔ∏è

**üíª****–í —Ä–∞–±–æ—Ç–µ Instagram, Facebook, YouTube –∏ —Ä—è–¥–∞ –¥—Ä—É–≥–∏—Ö –ø–æ–ø—É–ª—è—Ä–Ω—ã—Ö —Å–µ—Ä–≤–∏—Å–æ–≤ –ø—Ä–æ–∏–∑–æ—à–µ–ª —Å–±–æ–π –ø–æ –≤—Å–µ–º—É –º–∏—Ä—É**.

–û—Å—Ç–∞–µ–º—Å—è –≤—Å–µ–≥–¥–∞ –Ω–∞ —Å–≤—è–∑–∏ —Ç—É—Ç ü´∂üèª"
349,"–ù–æ–≤–æ–µ [–≤–∏–¥–µ–æ](https://youtu.be/sAxQMEYDl2E?feature=shared) —É–∂–µ –Ω–∞ –º–æ–µ–º YouTube –∫–∞–Ω–∞–ª–µ ‚ùóÔ∏è
–ë—É–¥—É –†–∞–¥–∞ –≤–∞—à–µ–π –ø–æ–¥–¥–µ—Ä–∂–∫–µ!"
348,"Lip Tutorial üëÑ
–ö–∞—Ä–∞–Ω–¥–∞—à- stellary 09 
–ü–æ–º–∞–¥–∞ Belor Design 212 
–ë–ª–µ—Å–∫ Piminova 05"
347,
346,"–î–æ–±—Ä—ã–π –≤–µ—á–µ—Ä, –º–æ–∏ –¥–æ—Ä–æ–≥–∏–µ ü§ç
–î–∞–≤–Ω–æ –Ω–µ –¥–µ–ª–∏–ª–∞—Å—å —Å –≤–∞–º–∏ —Ä–µ–∑—É–ª—å—Ç–∞—Ç–∞–º–∏ –ø–æ–≤—ã—à–µ–Ω–∏–π –¥–ª—è —Å–≤–æ–∏—Ö –∫–æ–ª–ª–ª–µ–≥! 
–ö–∞–∫ –≤–∞–º –æ–±—Ä–∞–∑? üòç

–ö—Å—Ç–∞—Ç–∏, –∑–∞—Å–Ω—è–ª–∏ —Ç—É—Ç–æ—Ä–∏–∞–ª –Ω–∞ –º–∞–∫–∏—è–∂ –≥—É–±! 
–í—ã–∫–ª–∞–¥—ã–≤–∞—é? üî•"
345,
344,
343,
342,
341,
340,
339,
338,
337,
336,"–†—É–∫–æ–≤–æ–¥—Å—Ç–≤–æ –æ—Ç Meta –ø–æ –†–ò–õ–°

–ë–æ–ª—å—à–∏–Ω—Å—Ç–≤—É —ç—Ç–æ –∏–∑–≤–µ—Å—Ç–Ω–æ, –Ω–æ –ª–∏—à–Ω–∏–º –Ω–µ –±—É–¥–µ—Çüòâ
Meta —Å–¥–µ–ª–∞–ª–∞ —ç—Ç–æ —Å —Ü–µ–ª—å—é, —á—Ç–æ–±—ã –≤–∞—à–∏ Reels –∑–∞–ª–µ—Ç–∞–ª–∏, —Ç–∞–∫ —Å–∫–∞–∂–µ–º.

–Ø –¥–µ–ª—é—Å—å —Å –≤–∞–º–∏ —Ç–µ–º, —á—Ç–æ –ø—Ä–∏–º–µ–Ω–∏–º–æ –∏–º–µ–Ω–Ω–æ —É –Ω–∞—Å –≤ –†–§, —Ç–∞–∫ –∫–∞–∫ —Ç–∞–º –µ—â–µ –∫–æ–Ω–µ—á–Ω–æ –∂–µ —Ä–∞–∑–º–µ—â–µ–Ω–∞ —Ä–µ–∫–ª–∞–º–∞ –ø–æ –≤–∑–∞–∏–º–æ–¥–µ–π—Å—Ç–≤–∏—é —Å –∫—Ä–µ–∞—Ç–æ—Ä–∞–º–∏ –∏ —Ç–¥, –∫–æ—Ä–æ—á–µ, —á—Ç–æ–±—ã —á–µ—Ä–µ–∑ —ç—Ç–æ—Ç –≥–∞–π–¥ –≤—ã –≤–ø–∏—Å–∞–ª–∏—Å—å –≤ —Ç–∞—Ä–≥–µ—Ç –ø–æ —Ä–∏–ª—Åü§£

–ù–æ–≤–æ–≥–æ —è –Ω–µ —É–∑–Ω–∞–ª–∞( —á—Ç–æ –∏ —Ä–∞—Å—Å—Ç—Ä–æ–∏–ª–æ, –Ω–æ –∏ –ø–æ—Ä–∞–¥–æ–≤–∞–ª–æ.
–í–∞–º –≤—Å–µ –∑–Ω–∞–∫–æ–º–æ?"
335,"–î–æ–±—Ä–æ–µ —É—Ç—Ä–æ! 
–í—ã –ø–µ—Ä–≤—ã–µ, –∫—Ç–æ —É–≤–∏–¥–∏—Ç –≤–∏–¥–µ–æ, —Å –∫–æ—Ç–æ—Ä–æ–≥–æ –Ω–∞—á–∏–Ω–∞–µ—Ç—Å—è –∑–∞—Ä–æ–∂–¥–µ–Ω–∏—è –∑–≤–µ–∑–¥—ã —Å–ª–∞–≤—ã –Ω–∞ –∞–ª–ª–µ–∏ –Æ—Ç—é–± üí´
–ó–∞–ª–∞–π–∫–∞–µ–º –¥–æ –∑–æ–ª–æ—Ç–æ–π –∫–Ω–æ–ø–∫–∏! 
 
–ú–æ–µ –ø–µ—Ä–≤–æ–µ –≤–∏–¥–µ–æ –∏ –ø–µ—Ä–≤—ã–π –≤–ª–æ–≥! 
–°–º–æ—Ç—Ä–∏–º, –∫–æ–º–º–µ–Ω—Ç–∏—Ä—É–µ–º –∏ —Å—Ç–∞–≤–∏–º üëçüèº

https://youtu.be/wF0bbstwl9Q?si=3jG1eFh03sZKZjwX"
334,
333,
332,
331,"–ú–æ–∏ —Ö–æ—Ä–æ—à–∏–µ, –¥–µ–ª—é—Å—å —Å –≤–∞–º–∏ –∫—Ä—É—Ç—ã–º–∏ —Å—Ä–µ–¥—Å—Ç–≤–∞–º–∏ –¥–ª—è –æ–±—ä–µ–º–∞ –≤–æ–ª–æ—Å! 
–í –Ω–∞–ª–∏—á–∏–∏ –≤ –æ—Ñ–ª–∞–π–Ω–µ –≤ –ó–æ–ª–æ—Ç–æ–º –Ø–±–ª–æ–∫–µ –±—ã–ª–∏ –Ω–µ –≤—Å–µ –ø—Ä–æ–¥—É–∫—Ç—ã, –Ω–æ –≤ –æ–Ω–ª–∞–π–Ω–µ –º–æ–∂–µ—Ç–µ –Ω–∞–π—Ç–∏ –≤—Å–µ üî•

–ò–¥–µ–º –æ—Ç –ª—é–∫—Å–∞ –¥–æ –±—é–¥–∂–µ—Ç–∞! 

ORIBE maximista
ÔªøÔªøKEVIN.MURPHY anti.gravity
ÔªøÔªøDAVINES more inside blow dry primer
EVO root canal base support spray
ÔªøR+CO dallas thickening spray If
ÔªøÔªøCHI volume booster 
ÔªøORGANICALS before dry lime
ÔªøTAFT volume
ÔªøÔªøL'OREAL PROFESSIONNEL tecni art pli
ÔªøKAPOUS root volume

–î–µ–ª–∏—Ç–µ—Å—å –≤ –∫–æ–º–º–µ–Ω—Ç–∞—Ä–∏—è—Ö, —á–µ–º –∏–∑ —ç—Ç–æ–≥–æ —Å–ø–∏—Å–∫–∞ –ø–æ–ª—å–∑–æ–≤–∞–ª–∏—Å—å –≤—ã! ‚ù§Ô∏è‚Äçüî•"
330,"–î—Ä—É–∑—å—è, —è —Ä–µ—à–∏–ª–∞ —Ä–∞—Å–ø—Ä–æ–¥–∞—Ç—å —á–∞—Å—Ç—å —Å–≤–æ–µ–≥–æ –≥–∞—Ä–¥–µ—Ä–æ–±–∞ –∏ –≤–µ—â–µ–π –¥–ª—è –º–æ–¥–µ–ª–µ–π! 
–í —Ä–µ–∑–µ—Ä–≤–Ω–æ–º –∞–∫–∫–∞—É–Ω—Ç–µ –∑–∞–ø—Ä–µ—â–µ–Ω–Ω–æ–π —Å–æ—Ü—Å–µ—Ç–∏ –±—É–¥–µ—Ç –ø–æ–ø–æ–ª–Ω—è—Ç—å—Å—è –∞–∫—Ç—É–∞–ª—å–Ω–æ–µ SALE! 
–í—Å–µ –±–µ–≥–æ–º —Ç—É–¥–∞ ü§´ü´∂üèª

–°—Å—ã–ª–∫–∞ https://www.instagram.com/julespokrovskaya?igsh=cml2YzJkeGRtaXE=

–ö–æ—Å–º–µ—Ç–∏–∫–∞ –¥—É–º–∞—é —Ç–æ–∂–µ –±—É–¥–µ—Ç, –Ω–æ —á—É—Ç—å –ø–æ–∑–∂–µ –≤—ã—Å—Ç–∞–≤–ª—é!"
328,
327,"–°–µ–≥–æ–¥–Ω—è —Ç–æ —É—Ç—Ä–æ, –∫–æ–≥–¥–∞ –º–Ω–µ –ø—Ä–æ—Å—Ç–æ –Ω–µ–æ–±—Ö–æ–¥–∏–º—ã —ç—Ç–æ –¥–≤–µ –º–∞—Å–∫–∏, —á—Ç–æ–±—ã —É–±—Ä–∞—Ç—å –ø–æ—Å–ª–µ–¥—Å—Ç–≤–∏—è –≤—á–µ—Ä–∞—à–Ω–∏—Ö –ø–æ—Å–∏–¥–µ–ª–æ–∫ —Å –ø–æ–¥—Ä—É–≥–æ–π üç∑üôÉ

–ú–∞—Å–∫–∏ [JAPAN GALS](https://goldapple.ru/6040100048-vodorodnaja-voda-nano-kollagen) –Ω–µ —Ä–∞—Å—Å—á–∏—Ç—ã–≤–∞–π—Ç–µ –Ω–∞ —Å–∏–ª—å–Ω–æ–µ —É–≤–ª–∞–∂–Ω–µ–Ω–∏–µ, –¥–ª—è –º–µ–Ω—è –æ–Ω–∏ —Å–∫–æ—Ä–µ–µ –Ω–∞–ø—Ä–∞–≤–ª–µ–Ω—ã –Ω–∞ —Å–Ω—è—Ç–∏–µ –æ—Ç–µ–∫–∞, —Ö—Ä–∞–Ω—é –∏—Ö –≤ —Ö–æ–ª–æ–¥–∏–ª—å–Ω–∏–∫–µ, –¥–ª—è –º–∞–∫—Å–∏–º–∞–ª—å–Ω–æ–≥–æ —ç—Ñ—Ñ–µ–∫—Ç–∞ –æ—Ö–ª–∞–∂–¥–µ–Ω–∏—è! 

–ú–∞—Å–∫–∞ [EAU THERMALE AVENE ](https://goldapple.ru/89191000015-soothing-moisture-mask)
–•–æ—Ä–æ—à–æ —É–≤–ª–∞–∂–Ω—è–µ—Ç –∫–æ–∂—É! –û—Å—Ç–∞–≤–ª—è—é –Ω–∞ 15 –º–∏–Ω—É—Ç, –¥–∞–ª–µ–µ —Å–º—ã–≤–∞–µ–º –≤–æ–¥–æ–π! –ï–¥–∏–Ω—Å—Ç–≤–µ–Ω–Ω–æ–µ, —è –Ω–µ –æ—á–µ–Ω—å –ª—é–±–ª—é —Ç–∞–∫–æ–π —Ñ–æ—Ä–º–∞—Ç –º–∞—Å–æ–∫, –Ω–æ –¥–ª—è –º–µ–Ω—è –æ–Ω —Å–∞–º—ã–π —ç—Ñ—Ñ–µ–∫—Ç–∏–≤–Ω—ã–π)

–°–µ–π—á–∞—Å —É –º–µ–Ω—è –º–Ω–æ–≥–æ –Ω–æ–≤–∏–Ω–æ–∫ –ø–æ —É—Ö–æ–¥—É –∑–∞ –∫–æ–∂–µ–π! –ë—É–¥—É –¥–µ–ª–∏—Ç—å—Å—è —Å –≤–∞–º–∏ —Å–≤–æ–∏–º–∏ —Ñ–∞–≤–æ—Ä–∏—Ç–∞–º–∏ –∏ –Ω–µ —Ç–æ–ª—å–∫–æ ü§´"
326,"–ú–æ—Å–∫–≤–∞ —è–Ω–≤–∞—Ä—Å–∫–∞—è –±—ã–ª–∞ –µ—â–µ —Å –∫–∞—Ç–∞–Ω–∏–µ–º –Ω–∞ –∫–∞—Ç–∫–µ —É  –ì—É–º–∞.

–í —Ç–æ–º –≥–æ–¥—É —è —É–ø—É—Å—Ç–∏–ª–∞ —ç—Ç—É –≤–æ–∑–º–æ–∂–Ω–æ—Å—Ç—å, –≤ —ç—Ç–æ–º —Ä–µ—à–∏–ª–∞ –∑–∞–∫—Ä—ã—Ç—å —ç—Ç–æ—Ç –ø—É–Ω–∫—Ç –≤ –≤–∏—à–ª–∏—Å—Ç–µ. –û–≥–æ–Ω—å!
–ë—Ä–æ–Ω—å –±—ã–ª–∞ –Ω–∞ 21:00. –ò –ª—é–¥–µ–π –±—ã–ª–æ –ø—Ä—è–º —Ç—É—É—É –º–∞—á. –ü–æ—ç—Ç–æ–º—É –≤—Å–µ–º —Å–æ–≤–µ—Ç—É—é-–ø–ª–∞–Ω–∏—Ä—É–π—Ç–µ —Å–≤–æ–µ –≤—Ä–µ–º—è. –õ–∏–±–æ –≤—ã–±–∏—Ä–∞–π—Ç–µ –≤–µ—á–µ—Ä–∞ –Ω–µ –≤—ã—Ö–æ–¥–Ω–æ–≥–æ –¥–Ω—è.
–í–æ –≤—Ç–æ—Ä–æ–π –¥–µ–Ω—å —É –º–µ–Ω—è –±—ã–ª–∞ –ø—Ä–µ–∫—Ä–∞—Å–Ω–∞—è –º–æ–¥–µ–ª—å, —è —Ä–∞–±–æ—Ç–∞–ª–∞ –≤ —Å—Ç—É–¥–∏–∏ —É —Å–≤–æ–µ–π —É—á–µ–Ω–∏—Ü—ã. –ö–∞–∫ —è —Ä–∞–¥—É—é—Å—å, –∫–æ–≥–¥–∞ –≤–∏–∂—É, –∫–∞–∫ –∑–¥–æ—Ä–æ–≤–æ —É –¥–µ–≤–æ—á–µ–∫ –≤—Å–µ –ø–æ–ª—É—á–∞–µ—Ç—Å—è, –∫–∞–∫ –æ–Ω–∏ —Ä–∞—Å—Ç—É—Ç, —Å–∫–æ–ª—å–∫–æ–≥–æ –¥–æ–±–∏–≤–∞—é—Ç—Å—è.
–í–æ—Ç –∫ –≤–æ–ø—Ä–æ—Å—É –æ —Ç–æ–º, –≥–¥–µ –±—Ä–∞—Ç—å –≤–¥–æ—Ö–Ω–æ–≤–µ–Ω–∏–µ? –ú–æ–∏ –∫–æ–ª–ª–µ–≥–∏, –º–æ–∏ —É—á–µ–Ω–∏–∫–∏-—ç—Ç–æ —Ç–æ–∂–µ –∏—Å—Ç–æ—á–Ω–∏–∫ –º–æ–µ–≥–æ –≤–¥–æ—Ö–Ω–æ–≤–µ–Ω–∏—è.

–ö–æ–Ω–µ—á–Ω–æ –∂–µ –∑–∞–±–µ–∂–∞–ª–∞ –≤ —Å–≤–æ–π –ª—é–±–∏–º—ã–π PERVERT.

–ò –ø–æ–µ–∑–¥.
–í—Ä–µ–º—è –ø—Ä–æ–ª–µ—Ç–µ–ª–æ –æ—á–µ–Ω—å –±—ã—Å—Ç—Ä–æ.
–õ—é–±–ª—é‚ù§Ô∏è"
325,"–ú–æ—Å–∫–≤–∞ –Ø–Ω–≤–∞—Ä—Å–∫–∞—è

–ë—ã–ª–∞ —à–∏–∫–∞—Ä–Ω–∞—è –ú–æ—Å–∫–≤–∞.

–Ø –µ—Ö–∞–ª–∞ –Ω–∞ —É—Ä–æ–∫ –∫ –ù–∞—Å—Ç–µ @nyahontova —Å –æ—â—É—â–µ–Ω–∏–µ–º –ø–æ—Å–ª–µ–Ω–æ–≤–æ–≥–æ–¥–Ω–µ–π —É—Å—Ç–∞–ª–æ—Å—Ç–∏) 
–ó–Ω–∞–µ—Ç–µ, –∫–æ–≥–¥–∞ —É—Å—Ç–∞–ª –æ—Ç–¥—ã—Ö–∞—Ç—å, –Ω–æ –∏ –Ω–∞ —Ä–∞–±–æ—Ç—É –Ω–µ —Ä–≤–∞–ª—Å—è. –ö–æ—Ä–æ—á–µ, —Ä–µ–∂–∏–º —É—é—Ç–Ω–æ–≥–æ –¥–æ–º–∏–∫–∞ –∏ —Å–µ—Ä–∏–∞–ª–æ–≤. 

–ó–∞ –ù–∞—Å—Ç–µ–π –¥–∞–≤–Ω–æ —Å–ª–µ–∂—É. –û—á–µ–Ω—å –æ—Ç–∑—ã–≤–∞–µ—Ç—Å—è —É –º–µ–Ω—è –µ–µ –≤–∏–¥–µ–Ω–∏–µ –º–∞–∫–∏—è–∂–∞. 
–†–∞–±–æ—Ç—ã, –∫–æ—Ç–æ—Ä—ã–µ —Å—Ä–∞–∑—É –ø–æ–∫–∞–∑—ã–≤–∞—é—Ç, —á—å—è —ç—Ç–æ –¥–Ω–∫.

–ú–Ω–µ –ø–æ–Ω—Ä–∞–≤–∏–ª–æ—Å—å! –û—á–µ–Ω—å! –ó–Ω–∞–µ—Ç–µ, –∫–æ–≥–¥–∞ —Å–æ–≤–ø–∞–¥–∞–µ—à—å —Å —á–µ–ª–æ–≤–µ–∫–æ–º?! –ö–æ–≥–¥–∞ –ø–æ–Ω–∏–º–∞–µ—à—å –µ–≥–æ –≤–∏–¥–µ–Ω–∏–µ, –µ–≥–æ —Ç–µ—Ö–Ω–∏–∫—É, –∫–æ–≥–¥–∞ —Ç–µ–±–µ —Ç—É—Ç –≤—Å–µ ¬´—Ç–∞–∫ –∫–∞–∫ –Ω–∞–¥–æ¬ª. 
–í—Å–µ, –∫—Ç–æ —Å–ø—Ä–∞—à–∏–≤–∞–ª, –æ—Ç–≤–µ—á–∞—é-–ù–∞—Å—Ç—è –æ—Ç–ª–∏—á–Ω–æ –æ–±—ä—è—Å–Ω—è–µ—Ç, –≤–∞—Ä–∏–∞–Ω—Ç–∞ –Ω–µ –ø–æ–Ω—è—Ç—å –ù–ï–¢ü§£–Ω—É, –µ–≥–æ –ø—Ä–æ—Å—Ç–æ –Ω–µ—Ç. –ï–π,–ø—Ä–∞–≤–¥–∞, –≤–∞–∂–Ω–æ –¥–æ–Ω–µ—Å—Ç–∏ –∑–Ω–∞–Ω–∏—è. –ó–∞ –≤—Å–µ –≤—Ä–µ–º—è —É—Ä–æ–∫–∞-—É –Ω–∞—Å –Ω–µ –±—ã–ª–æ –Ω–µ–ø–æ–Ω—è—Ç–Ω—ã—Ö –ø–æ—Ö–æ–¥–æ–≤/—É—Ö–æ–¥–æ–≤/–∏—Å—á–µ–∑–Ω–æ–≤–µ–Ω–∏–π. –î–∞-–¥–∞, —Ç–∞–∫–æ–µ –Ω–∞ –æ–±—É—á–µ–Ω–∏—è—Ö –±—ã–≤–∞–µ—Ç —É –¥—Ä—É–≥–∏—Ö, –Ω–æ –Ω–µ —Ç—É—Ç.
–ú–Ω–µ –±—ã–ª–æ –æ—á–µ–Ω—å –∫–æ–º—Ñ–æ—Ä—Ç–Ω–æ! 
–ù—É, –∞ –µ—â–µ –ù–∞—Å—Ç—è-–±–ª–∏–∑–Ω–µ—Ü‚ù§Ô∏è –∏—Å–∫—Ä–µ–Ω–Ω–µ —Å—á–∏—Ç–∞—é, —á—Ç–æ —ç—Ç–æ –ª—É—á—à–∏–π –∑–Ω–∞–∫ –∑–æ–¥–∏–∞–∫–∞.

–£—Ä–æ–∫ –ø—Ä–æ—à–µ–ª. –†–∞–±–æ—Ç–∞ –≤—ã—à–ª–∞ –æ—Ö—É..–Ω–∞—è! –©–µ–¥—Ä–æ —É–Ω–µ—Å–ª–∞ –∏ –∑–Ω–∞–Ω–∏—è, –∏ –ø—Ä–æ–¥—É–∫—Ç—ã –∏ —Å–µ–∫—Ä–µ—Ç—ã. –ö–æ—Ä–æ—á–µ! –ú–Ω–µ –æ—á–µ–Ω—å!!! –•–æ—á—É –µ—â–µüòª

–ù–∞—Å—Ç—è, —Ç—ã –ø—Ä–æ—Ñ–∏! –£–º–Ω–∏—á–∫–∞! –ò —Å–ø–∞—Å–∏–±–æ –∑–∞ –Ω–∞—à—É –≤—Å—Ç—Ä–µ—á—É. –ó–Ω–∞—é, —á—Ç–æ –Ω–µ –ø–æ—Å–ª–µ–¥–Ω—è—è‚ù§Ô∏è"
324,
323,
322,
321,
320,
319,"–ü—Ä–∏–≤–µ—Ç, –º–æ–∏ –¥–æ—Ä–æ–≥–∏–µ ‚ù§Ô∏è
–î–µ–ª—é—Å—å —Å –≤–∞–º–∏ –æ–±–∑–æ—Ä–æ–º –∫–æ–Ω—Å–∏–ª–µ—Ä–æ–≤ —Å –ó–æ–ª–æ—Ç–æ–≥–æ –Ø–±–ª–æ–∫–∞ üçè
–í—ã–±—Ä–∞–ª–∞ –¥–ª—è –≤–∞—Å –ª—É—á—à–∏–µ –≤ —Å–≤–æ–µ–º —Å–µ–≥–º–µ–Ω—Ç–µ –∫–æ–Ω—Å–∏–ª–µ—Ä—ã, –∫–æ—Ç–æ—Ä—ã–µ –ø–æ–¥—Ö–æ–¥—è—Ç –¥–ª—è –æ–±–ª–∞—Å—Ç–∏ –ø–æ–¥ –≥–ª–∞–∑–∞–º–∏ –∏ –ø–µ—Ä–µ–∫—Ä—ã—Ç–∏—è –Ω—é–∞–Ω—Å–æ–≤ –Ω–∞ –∫–æ–∂–µ 

–î–µ–ª–∏—Ç–µ—Å—å –≤ –∫–æ–º–º–µ–Ω—Ç–∞—Ä–∏—è—Ö —Å–≤–æ–∏–º–∏ —Ñ–∞–≤–æ—Ä–∏—Ç–∞–º–∏!"
318,
317,"–õ—é–±–∏–º–∞—è –∫–æ–º–±–∏–Ω–∞—Ü–∏—è –º–æ–∏—Ö –∫–ª–∏–µ–Ω—Ç–æ–≤! 

[–ë—é–¥–∂–µ—Ç–Ω–∞—è –ü–æ–º–∞–¥–∞](https://goldapple.ru/3421000009-nude-matte-complimenti) RELOUIS nude matte –æ—Ç—Ç–µ–Ω–æ–∫ 17 
–ü–æ —Å–µ–∫—Ä–µ—Ç—É ü§´ —Ç–∞–º –º–Ω–æ–≥–æ –∫—Ä–∞—Å–∏–≤—ã—Ö –æ—Ç—Ç–µ–Ω–∫–æ–≤! 
–ö–æ–º—Ñ–æ—Ä—Ç–Ω–∞—è –≤ –Ω–æ—Å–∫–µ, –º–∞—Ç–æ–≤–∞—è, –Ω–æ –Ω–µ —Å—É—à–∏—Ç –≥—É–±—ã! 

[–ö–∞—Ä–∞–Ω–¥–∞—à](https://www.wildberries.ru/catalog/92422521/detail.aspx?targetUrl=MS&size=148372066) El Coraz√≥n 227 
–ê–Ω–∞–ª–æ–≥ –ª–µ–≥–µ–Ω–¥–∞—Ä–Ω–æ–≥–æ –∫–∞—Ä–∞–Ω–¥–∞—à–∞ NYX nude beige  
–ö—Ä–∞—Å–∏–≤—ã–π –ø—Ä–∞–≤–∏–ª—å–Ω—ã–π —Ö–æ–ª–æ–¥–Ω–æ –±–µ–∂–µ–≤—ã–π –æ—Ç—Ç–µ–Ω–æ–∫ 
–£–≤–µ—Ä–µ–Ω–∞ –≤—ã –≤–ª—é–±–∏—Ç–µ—Å—å üíî

–ü–∏—à–∏—Ç–µ –∫–æ–º–º–µ–Ω—Ç–∞—Ä–∏–∏, –¥–ª—è –º–µ–Ω—è —ç—Ç–æ –æ—á–µ–Ω—å –≤–∞–∂–Ω–æ!"
316,"–í—á–µ—Ä–∞—à–Ω–∏–π team–º–∏—Ç–∏–Ω–≥. 
–•–æ—Ä–æ—à–æ, –∫–æ–≥–¥–∞ –º–æ–∂–Ω–æ –æ—Ç–≤–ª–µ—á—å—Å—è –æ—Ç –º—ã—Å–ª–µ–π –≤ —Å–≤–æ–µ–π –≥–æ–ª–æ–≤–µ. 
–í—Å—Ç—Ä–µ—Ç–∏—Ç—å –∫–æ–ª–ª–µ–≥, –ø–æ—Å–ª—É—à–∞—Ç—å –∏—Ö –∏—Å—Ç–æ—Ä–∏–∏, –ø–æ—Å–º–æ—Ç—Ä–µ—Ç—å –Ω–∞ —Å–µ–±—è –ø–æ–¥ –¥—Ä—É–≥–∏–º —É–≥–ª–æ–º, –Ω–∞–ª–æ–∂–∏—Ç—å –∫–∞–∫ –∫–∞–ª—å–∫—É –∏–∑ –æ–ø—ã—Ç –Ω–∞ —Å–≤–æ–π, —Å–¥–µ–ª–∞—Ç—å –≤—ã–≤–æ–¥—ã, –ø—Ä–æ–≤–µ—Å—Ç–∏ —Ä–∞–±–æ—Ç—É –Ω–∞–¥ –æ—à–∏–±–∫–∞–º–∏. 
–í–æ—Ç –≤—Å–µ–≥–¥–∞ –≥–æ–≤–æ—Ä—é, —á—Ç–æ –∫–æ–º—å—é–Ω–∏—Ç–∏-—ç—Ç–æ –Ω–µ —Ç–æ–ª—å–∫–æ –ø—Ä–æ —Å–ª–∏–∑–∞—Ç—å –∏–¥–µ–∏ –∏ —Ç–¥, –Ω–æ –∏–Ω–æ–≥–¥–∞ —ç—Ç–æ –¥–µ–π—Å—Ç–≤–∏—Ç–µ–ª—å–Ω–æ –ø—Ä–æ —Ä–µ—à–µ–Ω–∏–µ –≤–∞–∂–Ω—ã—Ö –≤–æ–ø—Ä–æ—Å–æ–≤ –≤ —Å–≤–æ–µ–π —Å—Ñ–µ—Ä–µ. 
–ù–∞–ø—Ä–∏–º–µ—Ä, –≤ –°–∞–Ω–∫—Ç-–ü–µ—Ç–µ—Ä–±—É—Ä–≥–µ –æ—Å—Ç—Ä–æ —Å—Ç–æ–∏—Ç —Ç–µ–º–∞ –º–æ–¥–µ–ª–µ–π, –∫—Ç–æ –≤ —Ç–µ–º–µ, —Ç–æ—Ç —Å—Ä–∞–∑—É –∂–µ –ø–æ–π–º–µ—Ç. –í—á–µ—Ä–∞ –∫–∞–∫ —Ä–∞–∑ –¥—É–º–∞–ª–∏, —á—Ç–æ –º–æ–∂–Ω–æ –±—ã–ª–æ –±—ã –ø—Ä–∏–≤–Ω–µ—Å—Ç–∏ –≤–∞–∂–Ω–æ–≥–æ –∏ –Ω—É–∂–Ω–æ–≥–æ –≤ —Ä–∞–±–æ—Ç–µ —Å –º–æ–¥–µ–ª—è–º–∏.
–ù–µ –ø–µ—Ä–µ–∫–ª—é—á–∞–π—Ç–µ—Å—å. –í–ø–µ—Ä–µ–¥–∏ –º–Ω–æ–≥–æ –∏–Ω—Ç–µ—Ä–µ—Å–Ω–æ–≥–æü´∂üèª"
315,"–§–æ—Ç–æ—Å—Å—Å–∏—è —Å [–ú–∞—Ä–∏—à–∫–æ–π](https://www.instagram.com/marishastory?igsh=bXN6dzV3NHhkeXJ1) –Ω–∞ –ª–µ–≥–∫–æ–º –≤–∞–π–±–µ ‚ù§Ô∏è
–ú–∞–º, –ø–∞–ø —Å–º–æ—Ç—Ä–∏—Ç–µ –±–µ–∑ –∑–≤—É–∫–∞ ü´£"
314,
313,
312,
311,
310,
309,
308,
307,
306,
305,"–ú–∏–Ω–∏–Ω–∞–±–µ–≥ –Ω–∞ –ó–æ–ª–æ—Ç–æ–µ üçé

–†–µ—à–∏–ª–∞ –ø–æ–∫–∞–∑–∞—Ç—å –≤–∞–º –ù–æ–≤–∏–Ω–∫–∏ –∏ –ø—Ä–æ–¥—É–∫—Ç—ã –Ω–∞ —Å–∫–∏–¥–∫–∞—Ö, –∫ –∫–æ—Ç–æ—Ä—ã–º —Å—Ç–æ–∏—Ç üëÄ


–ß–µ–º-—Ç–æ –ø–æ–ª—å–∑—É—é—Å—å —Å–∞–º–∞ (Hadat, L‚ÄôOr√©al,Needly), —á—Ç–æ-—Ç–æ —É–≤–∏–¥–µ–ª–∞ –ø–æ —Ä–µ–∫–æ–º–µ–Ω–¥–∞—Ü–∏—è–º –∏ —Ä–µ—à–∏–ª–∞ –ø–æ—Å–º–æ—Ç—Ä–µ—Ç—å –≤ —Ä–µ–∞–ª—å–Ω–æ–º –º–∏—Ä–µ. 
–î–µ–ª—é—Å—å —Ç–µ–º, —á—Ç–æ –º–æ–∂–Ω–æ 100% –ø—Ä–∏–æ–±—Ä–µ—Å—Ç–∏. 

–°–ø–æ–π–ª–µ—Ä: –∫—Ä–æ–º–µ –π–æ–≥—É—Ä—Ç–æ–≤—ã—Ö –ø—Ä–æ–¥—É–∫—Ç–æ–≤, –Ω–æ —ç—Ç–æ –Ω—É–∂–Ω–æ üëÉüèª, —á—Ç–æ–±—ã –ø–æ–Ω—è—Ç—å. –¢–∞–∫–∞—è.. –Ω–µ–æ–∂–∏–¥–∞–Ω–Ω–∞—è —Ä–µ–∞–∫—Ü–∏—è —É –º–µ–Ω—è –±—ã–ª–∞ü§£

–ö–æ—Ä–æ—á–µ, –¥–µ–≤–æ—á–∫–∏ –∏ –º–∞–ª—å—á–∏–∫–∏, —Å—Ç–æ–∏—Ç –ø–æ—Å–º–æ—Ç—Ä–µ—Ç—å!! –ò –¥–æ–≤–µ—Ä—å—Ç–µ—Å—å –º–æ–µ–º—É –æ–±–æ–Ω—è–Ω–∏—é."
304,
303,
302,
301,
300,
299,"–ù–∞ —Ñ–æ—Ç–æ —Ç–µ —Å—á–∞—Å—Ç–ª–∏–≤—á–∏–∫–∏, –∫–æ—Ç–æ—Ä—ã–µ —Ä–µ—à–∏–ª–∏ –ø–æ–∂–µ–Ω–∏—Ç—å—Å—è 30 –¥–µ–∫–∞–±—Ä—è 2015 –≥–æ–¥–∞ üòÖ
–î–ª—è –∫–æ–≥–æ-—Ç–æ 8 –ª–µ—Ç –ø—Ä–æ–ª–µ—Ç–µ–ª–∏ –∫–∞–∫ –æ–¥–Ω–æ –º–≥–Ω–æ–≤–µ–Ω–∏–µ, –∞ –¥–ª—è –∫–æ–≥–æ-—Ç–æ –ø–æ –æ—â—É—â–µ–Ω–∏—è–º –∫–∞–∫ 68 –ª–µ—Ç, –¥–∞, –º—É–∂? 
–ë–æ–ª—å—à–µ –æ–Ω —Ç–∞–∫ –Ω–µ —à—É—Ç–∏—Ç‚Ä¶
–í–æ–æ–±—â–µ–º, –º–æ–∂–µ—Ç–µ –ø–æ–∑–¥—Ä–∞–≤–ª—è—Ç—å ü•≥"
298,"–í–∞—Å —è —Ç–æ–∂–µ –Ω–µ –æ—Å—Ç–∞–≤–ª—é –±–µ–∑ –≤–∏–¥–µ–æ üéÑ
–°–Ω–∏–º–∞–µ–º –ø—Ä–æ–¥–æ–ª–∂–µ–Ω–∏–µ? üòè"
297,"https://www.instagram.com/reel/C1bfOyPIPV-/?igsh=Mmh0YjVzZXhvN3Vr

–î–æ—Ä–æ–≥–∏–µ! –° –Ω–∞—Å—Ç—É–ø–∞—é—â–∏–º! ‚ùÑÔ∏è
–ü–µ—Ä–µ–¥–∞—é –≤–∞–º —Å–≤–æ–µ –Ω–æ–≤–æ–≥–æ–¥–Ω–µ–µ –Ω–∞—Å—Ç—Ä–æ–µ–Ω–∏–µ üéÑ 
–¢–µ, –∫—Ç–æ –µ—Å—Ç—å –≤ –∑–∞–ø—Ä–µ—Ç–Ω–æ–π —Å–æ—Ü—Å–µ—Ç–∏ –ø—Ä–æ—à—É –ø–æ–¥–¥–µ—Ä–∂–∞—Ç—å –º–æ–∏ –∞–∫—Ç–µ—Ä—Å–∫–∏–µ —Å–ø–æ—Å–æ–±–Ω–æ—Å—Ç–∏ –∫–æ–º–º–µ–Ω—Ç–∞—Ä–∏–µ–º –∏ ‚ù§Ô∏è"
296,
295,
294,"–ë—å—é—Ç–∏ –∫–æ—Ä–ø–æ—Ä–∞—Ç–∏–≤ üéâ
–ß—É–≤—Å—Ç–≤—É–µ—Ç —É—Ä–æ–≤–µ–Ω—å? 
–¢–∞–π–Ω—ã–π –°–∞–Ω—Ç–∞, –≤–∫—É—Å–Ω–∞—è –µ–¥–∞ –∏ –º–Ω–æ–≥–æ —Ä–∞–∑–≥–æ–≤–æ—Ä–æ–≤ –æ–±–æ –≤—Å–µ–º –∏ –æ–±–æ –≤—Å–µ—Ö ü§£"
293,
292,"–£–∂–µ —á–µ—Ä–µ–∑ 2 –Ω–µ–¥–µ–ª–∏ –ù–æ–≤—ã–π –≥–æ–¥! ‚ùÑÔ∏è
–ò –¥–ª—è —Ç–µ—Ö, –∫—Ç–æ –Ω–µ —É—Å–ø–µ–ª –∑–∞–∫—É–ø–∏—Ç—å—Å—è –ø–æ–¥–∞—Ä–∫–∞–º–∏ –¥–ª—è —Å–≤–æ–∏—Ö –ø–æ–¥—Ä—É–≥, –º–∞–º –∏ –¥–ª—è —Å–µ–±—è –ª—é–±–∏–º—ã—Ö, —è —Å–æ—Å—Ç–∞–≤–∏–ª–∞ –≤–∞–º –≥–∞–π–¥ —Å –∏–¥–µ—è–º–∏ –ø–æ–¥–∞—Ä–∫–æ–≤, –∫–æ—Ç–æ—Ä—ã–µ —Ç–æ—á–Ω–æ –Ω–µ —Ä–∞–∑–æ—á–∞—Ä—É—é—Ç! 

–ê –≤—ã –ø–∏—à–∏—Ç–µ –≤ –∫–æ–º–º–µ–Ω—Ç–∞—Ä–∏—è—Ö —Å–≤–æ–∏ –∏–¥–µ–∏ üéÅ"
291,
290,
289,
288,
287,
286,
285,
284,
283,
282,
281,
280,
279,
278,"–ù—É, —á—Ç–æ –º–æ–∏ —Ä–æ—Å–∫–æ—à–Ω–∏—Ü—ã! 
–ó–∞–±–µ–∂–∞–ª–∞ —è –≤ –ó–æ–ª–æ—Ç–æ–µ –Ø–±–ª–æ–∫–µ –≤ –£—Ñ–µ –∏ –Ω–∞—Å–≤–æ—Ç—á–∏–ª–∞ –≤–∞–º —Å–∏—è—à–∫–∏, —Å–ø–∞—Ä–∫–ª—ã –∏ —Ç–µ–Ω–∏! 
–¢—è–Ω–µ—Ç –º–µ–Ω—è –ø–µ—Ä–µ–¥ –ù–æ–≤—ã–º –≥–æ–¥–æ–º –Ω–∞ –≤—Å–µ —Å–≤–µ—Ä–∫–∞—é—â–µ–µ ‚ú®
–û–±—è–∑–∞—Ç–µ–ª—å–Ω–æ –∫ –ø—Ä–æ—Å–º–æ—Ç—Ä—É! 
–ï—Å—Ç—å –ø–æ–∑–∏—Ü–∏–∏, –∫ –∫–æ—Ç–æ—Ä—ã–º –æ–¥–Ω–æ–∑–Ω–∞—á–Ω–æ —Å—Ç–æ–∏—Ç –ø—Ä–∏—Å–º–æ—Ç—Ä–µ—Ç—å—Å—è! 
–ê –µ—â–µ –Ω–∞—à–ª–∞ –≤–∞–º —Å–ø–∞—Ä–∫–ª—ã –Ω–∞ —Å–ª—É—á–∞–π, –µ—Å–ª–∏ –≤—ã –≤–¥—Ä—É–≥ —Ö–æ—Ç–∏—Ç–µ –ø–æ–π—Ç–∏ –Ω–∞ –¥–µ—Ç—Å–∫–∏–π —É—Ç—Ä–µ–Ω–Ω–∏–∫ –∏ –∑–∞—Ç–º–∏—Ç—å –≤—Å–µ—Ö –¥–µ–≤–æ—á–µ–∫ —Å–Ω–µ–∂–∏–Ω–æ–∫ ü§£"
277,"–î–µ–≤–æ—á–∫–∏, –≤—Å–µ–º —Å–ø–∞—Å–∏–±–æ –∑–∞ –∫–æ–º–ø–ª–∏–º–µ–Ω—Ç—ã ‚ù§Ô∏è‚Äçüî• –≤—Å–µ—Ö –æ–±–Ω–∏–º–∞—é!"
276,"–ù—É, –∫–∞–∫ –≤–∞–º –Ω–æ–≤–∞—è —è? üíî"
275,
274,"–ù—É, —á—Ç–æ?! –ì–æ—Ç–æ–≤—ã —É–≤–∏–¥–µ—Ç—å –Ω–æ–≤—É—é –º–µ–Ω—è? 
–Ø –≤–æ—Ç –Ω–µ—Ç ü§£"
273,
272,"–ü–µ—Ä–µ–¥–∞–µ–º –≤–∞–º —Å –ì–µ—Ä–º–∞–Ω–æ–º –ø—Ä–∏–≤–µ—Ç! –ú—ã –≤—ã–µ—Ö–∞–ª–∏ –≤ –∞—ç—Ä–æ–ø–æ—Ä—Ç –∏ –Ω–∞–ø—Ä–∞–≤–ª—è–µ–º—Å—è –≤ –£—Ñ—É! 
–£ –º–µ–Ω—è –Ω–∞—á–∞–ª—Å—è –º–æ–π –º–∏–Ω–∏ –æ—Ç–ø—É—Å–∫ —Å —Ä–æ–¥–∏—Ç–µ–ª—è–º–∏, –¥—Ä—É–∑—å—è–º–∏ –∏ –≤–∞–∫ –±–µ–ª—è—à–∞–º–∏ ü§£"
271,"–î–æ—Ä–æ–≥–∞ –æ–±—Ä–∞—Ç–Ω–æ –±—ã–ª–∞ —á–µ—Ä–µ–∑ –ú–∏–Ω—Å–∫. 
–ò –≤–æ—Ç –º–æ–µ —Å–∞–º–æ–µ –±–æ–ª—å—à–æ–µ –†–ê–ó–û–ß–ê–†–û–í–ê–ù–ò–ï-—ç—Ç–æ ZARA( –æ—á–µ–Ω—å –º–∞–ª–æ –ø–æ–∑–∏—Ü–∏–π –ø—Ä–µ–¥—Å—Ç–∞–≤–ª–µ–Ω–æ –≤ offline. –ò –≤—Å–µ –º–æ–∏ –º–µ—á—Ç—ã –ø–æ –ø–æ–≤–æ–¥—É zara home –±—ã–ª–∏ —Ä–∞–∑–±–∏—Ç—ã, –ø–æ—Ç–æ–º—É —á—Ç–æ —Ç–∞–º —Å–æ–≤—Å–µ–º –ø—É—Å—Ç–æ—Ç–∞ –º–µ–Ω—è –∂–¥–∞–ª–∞. 

–ù–æ –Ω–µ —É–Ω—ã–≤–∞–µ–º)

–ê —è —É–∂–µ –≤ –°–ü–±. –ó–∞–ø–∏—Å–∞–ª–∞ –∏–Ω—Ç–µ—Ä–µ—Å–Ω—ã–π —É—Ä–æ–∫ –ø–æ –º–µ–π–∫—É —Å –∫—Ä–∞—Å–∞–≤–∏—Ü–µ–π –∏ –ø—Ä–æ—Ñ–µ—Å—Å–∏–æ–Ω–∞–ª–æ–º —Å–≤–æ–µ–≥–æ –¥–µ–ª–∞-–õ–∏–∑–æ–π –ë–µ—Ä–µ–∑–∫–æ–π. –ú–æ–¥–µ–ª—å, –∫–æ—Ç–æ—Ä–∞—è –∏–¥–µ–∞–ª—å–Ω–∞! –ü–æ –≤—Å–µ–º –≤–æ–ø—Ä–æ—Å–∞–º. 
–£–∂–µ –Ω–∞—á–∏–Ω–∞—é —Å–æ–±–∏—Ä–∞—Ç—å –≤–µ—â–∏, –ø–æ—Ç–æ–º—É —á—Ç–æ –º–µ–Ω—è –∂–¥–µ—Ç –£—Ñ–∞. 

–í—ã –Ω–∞–∫–∏–¥–∞–π—Ç–µ –º–Ω–µ –æ–≥–æ–Ω–µ—á–∫–æ–≤. –ö—Ç–æ –¥–æ—á–∏—Ç–∞–ª —Ö–æ—Ç—è –±—ãü§£"
270,
269,
268,
267,"–ò—Ç–∞–∫. –î–æ–ª–≥–æ–∂–¥–∞–Ω–Ω—ã–π —Ä–∞—Å—Å–∫–∞–∑ –ø—Ä–æ –ë—Ä–µ—Å—Ç.

–ú—ã –≤—ã–µ—Ö–∞–ª–∏ –≤ –ë—Ä–µ—Å—Ç –Ω–∞ –º–∞—à–∏–Ω–µ. –ß—É–¥–µ—Å–Ω–∞—è –∑–∏–º–Ω—è—è –¥–æ—Ä–æ–≥–∞. –ß—Ç–æ —è –≤–∑—è–ª–∞ –∏–∑ –∫–æ—Å–º–µ—Ç–∏–∫–∏? –ê–±—Å–æ–ª—é—Ç–Ω–æ –í–°–Å ü§£
–ù–µ—Ç, –Ω—É, —ç—Ç–æ —è –∏ –º–æ–π –º–∞–∫—Å–∏–º–∞–ª–∏–∑–º.
–ê–Ω—è –∑–∞—Å–µ–ª–∏–ª–∞ –Ω–∞—Å –≤ –ø—Ä–µ–∫—Ä–∞—Å–Ω—ã–µ –∞–ø–∞—Ä—Ç—ã.
–£ –º–µ–Ω—è –±—ã–ª –¥–µ–Ω—å –Ω–∞ –ø—Ä–∏–π—Ç–∏ –≤ —Å–µ–±—è. –ê –ø—Ä–∏–π—Ç–∏ –≤ —Å–µ–±—è-–ø–æ–≤–µ—Ä—å—Ç–µ, –Ω—É–∂–Ω–æ –±—ã–ª–æ –≤—Å–µ–º.  –ú–µ–Ω—è —á–∏—Ç–∞—é—Ç –º–æ–∏ –±–ª–∏–∑–∫–∏–µ, –ø–æ—ç—Ç–æ–º—É —è –ø—Ä–∏–Ω—è–ª–∞ —Ä–µ—à–µ–Ω–∏–µ –Ω–µ —Ä–∞—Å—Å–∫–∞–∑—ã–≤–∞—Ç—å –∏—Å—Ç–æ—Ä–∏—é, –∫–æ—Ç–æ—Ä–∞—è –ø–æ–±–∏–ª–∞ –±—ã –≤—Å–µ –æ—Ö–≤–∞—Ç—ã –≤–æ –≤—Å–µ—Ö —Å–æ—Ü —Å–µ—Ç—è—Ö, –Ω–æ –ø–æ–≤–µ—Ä—å—Ç–µ-–±—ã–ª–æ —á—É–¥–æ! –≠–π —Ç—ã —Ç–∞–º –Ω–∞ –≤–µ—Ä—Ö—Éüëåüèª—É—Ä–æ–∫ —É—Å–≤–æ–µ–Ω!

–°–∞–º –º–∞—Å—Ç–µ—Ä –∫–ª–∞—Å—Å –ø—Ä–æ—à–µ–ª –ø—Ä–µ–∫—Ä–∞—Å–Ω–æ! –£ –º–µ–Ω—è –±—ã–ª–∏ –¥–≤–µ –ø–æ—Ç—Ä—è—Å–∞—é—â–∏–µ –º–æ–¥–µ–ª–∏. –Ø —Ç–æ—á–Ω–æ –∑–Ω–∞–ª–∞ –∑–∞—Ä–∞–Ω–µ–µ, —á—Ç–æ –±—É–¥–µ—Ç —Å –æ–±—Ä–∞–∑–∞–º–∏ –∏ —Å –º–µ–π–∫–∞–º–∏. –ü–æ—ç—Ç–æ–º—É –Ω–∏–∫–∞–∫–æ–≥–æ –º–∞–Ω–¥—Ä–∞–∂–∞. 
–ê –µ—â–µ –±–æ–ª—å—à–µ –Ω–∞ –∫–∞–π—Ñ –º–µ–Ω—è –∑–∞—Ä—è–¥–∏–ª–∞ –ê–Ω—è. –ò –ø–æ–≤–µ—Ä—å—Ç–µ-–Ω–µ —Ä–µ–∫–ª–∞–º–∞! 
–Ø –≤–æ–æ–±—â–µ –æ—á–µ–Ω—å —Å–∫—É–ø–∞ –Ω–∞ –ø–æ—Ö–≤–∞–ª—Éü§£–∏ –º–æ–π –ø—Ä–∞–π—Å –Ω–∞ —Ä–µ–∫–ª–∞–º—É –æ—á–µ–Ω—å —Ç—è–∂–µ–ª—ã–π. 
–û—Å–æ–±–µ–Ω–Ω–æ –Ω–∞ —Ç–∞–∫—É—é! –ü–æ—ç—Ç–æ–º—É —Ç—É—Ç –Ω–µ —Ä–µ–∫–ª–∞–º–∞.
 –ê –¥–µ–π—Å—Ç–≤–∏—Ç–µ–ª—å–Ω–æ –±–ª–∞–≥–æ–¥–∞—Ä–Ω–æ—Å—Ç—å –ê–Ω–µ, –∫–∞–∫ –ø—Ä–æ—Ñ–µ—Å—Å–∏–æ–Ω–∞–ª—É —Å–≤–æ–µ–≥–æ –¥–µ–ª–∞, –∫–∞–∫ –ø—Ä–µ–∫—Ä–∞—Å–Ω–æ–º—É –º–∞—Å—Ç–µ—Ä—É –∏ —á–µ–ª–æ–≤–µ–∫—É.
–¢–æ—Ç —Å–ª—É—á–∞–π, –∫–æ–≥–¥–∞ –º–Ω–µ –Ω–µ –Ω–∞–¥–æ –±—ã–ª–æ –¥—É–º–∞—Ç—å –æ –≤–µ—â–∞—Ö,–Ω–µ –∫–∞—Å–∞—é—â–∏—Ö—Å—è –Ω–µ–ø–æ—Å—Ä–µ–¥—Å—Ç–≤–µ–Ω–Ω–æ –º–∞–∫–∏—è–∂–∞. 
–§—É—Ä—à–µ—Ç, —Ñ–æ—Ç–æ-–∑–æ–Ω–∞, –∑–æ–Ω–∞ –ø–æ–∫–∞–∑–∞, –≤—Å–µ –¥–ª—è –æ—Ç—Ä–∞–±–æ—Ç–æ–∫-—ç—Ç–æ –≤—Å–µ –±—ã–ª–æ –Ω–∞ –ê–Ω–µ. 
–û—á–µ–Ω—å —Å–æ–≤–µ—Ç—É—é –µ–µ, –µ—Å–ª–∏ –≤—ã —Å–æ–±–µ—Ä–µ—Ç–µ—Å—å –≤ –ë—Ä–µ—Å—Ç –∫–∞–∫ –ø—Ä–æ—Ñ–µ—Å—Å–∏–æ–Ω–∞–ª –¥–ª—è –ø—Ä–æ–≤–µ–¥–µ–Ω–∏—è —Å–≤–æ–∏—Ö –æ–±—É—á–µ–Ω–∏–π. 
–•–æ—á—É –æ—Ç–º–µ—Ç–∏—Ç—å –≤—Å–µ—Ö –¥–µ–≤–æ—á–µ–∫ –Ω–∞ –ø–æ–∫–∞–∑–µ –∏ –Ω–∞ –æ—Ç—Ä–∞–±–æ—Ç–∫–∞—Ö‚ù§Ô∏è –≤–∞—à —Ç–µ–ø–ª—ã–π –ø—Ä–∏–µ–º, –≤–∞—à–∏ –≤–æ–ø—Ä–æ—Å—ã- –ø–æ–º–æ–≥–ª–∏ —Å–æ–∑–¥–∞—Ç—å –æ—á–µ–Ω—å –∫–æ–º—Ñ–æ—Ä—Ç–Ω—É—é —ç–º–æ—Ü–∏–æ–Ω–∞–ª—å–Ω—É—é –∞—Ç–º–æ—Å—Ñ–µ—Ä—É! –ù–µ –±—ã–ª–æ –æ—â—É—â–µ–Ω–∏—è —Å—Ç–µ–Ω—ã –º–µ–∂–¥—É –º–Ω–æ–π –∏ –≤–∞–º–∏. –ê —è —Å—á–∏—Ç–∞—é, —á—Ç–æ —ç—Ç–æ –∏–≥—Ä–∞ 50/50. –ü–æ—Ç–æ–º—É —á—Ç–æ –±—ã–≤–∞–µ—Ç –∞–±—Å–æ–ª—é—Ç–Ω–æ –ª–µ–¥—è–Ω–æ–π –∑–∞–ª, –∫–æ—Ç–æ—Ä—ã–π –Ω–∏–∫–∞–∫–∞—è —Ö–∞—Ä–∏–∑–º–∞ –Ω–µ –ø—Ä–æ–±—å–µ—Ç, –∏ —Ç—ã —Ä–∞–±–æ—Ç–∞–µ—à—å –ø—Ä–æ—Å—Ç–æ –≤ –∞–±—Å–æ–ª—é—Ç–Ω–æ–π —Ç–∏—à–∏–Ω–µ, –∫–æ–≥–¥–∞ —É —Ç–µ–±—è –Ω–µ—Ç –∫–æ–Ω—Ç–∞–∫—Ç–∞ —Å —É—á–∞—Å—Ç–Ω–∏–∫–∞–º–∏-—ç—Ç–æ –û–¢–°–¢–û–ô. 
–°–ø–∞—Å–∏–±–æ, —á—Ç–æ —É –Ω–∞—Å —Å –≤–∞–º–∏ –≤—Å–µ –ø–æ–ª—É—á–∏–ª–æ—Å—å!
–ò –∑–Ω–∞–µ—Ç–µ! –¢–æ –ª–∏ –º—ã —É–∂–µ –≤ –ü–∏—Ç–µ—Ä–µ –∑–∞–∑–≤–µ–∑–¥–∏–ª–∏—Å—å( –ø—Ä–æ –ú–æ—Å–∫–≤—É –º–æ–ª—á—É), —Ç–æ –ª–∏ –ª—é–¥–∏ –∑–¥–µ—Å—å –æ—Ç–∫—Ä–æ–≤–µ–Ω–Ω–µ–µ –∏ –±–æ–ª–µ–µ –æ—Ç–∫—Ä—ã—Ç—ã–µ, –Ω–æ –æ–±—â–µ–Ω–∏–µ –±—ã–ª–æ üî•"
266,
265,
264,
263,
262,
261,"1. –¢–æ–Ω LA MER soft fluid foundation spf 20 ~12.000‚ÇΩ 
–•–æ–¥–æ–≤—ã–µ –æ—Ç—Ç–µ–Ω–∫–∏ 
120, 150 
–ë–∞—Ä—Ö–∞—Ç–Ω—ã–π –µ—Å—Ç–µ—Å—Ç–≤–µ–Ω–Ω—ã–π —Ñ–∏–Ω–∏—à, —Å—Ä–µ–¥–Ω–µ–π –ø–ª–æ—Ç–Ω–æ—Å—Ç–∏. –ò–¥–µ–∞–ª—å–Ω–æ –ø–æ–¥—Ö–æ–¥–∏—Ç –¥–ª—è –∫–æ–º–±–∏ –∫–æ–∂–∏!
–ù–µ –∑–∞–±—ã–≤–∞–µ–º, –ø–µ—Ä–µ–¥ –Ω–∞–Ω–µ—Å–µ–Ω–∏–µ–º –ª—é–±—ã—Ö —Ç–æ–Ω–æ–≤ —Ö–æ—Ä–æ—à–æ —É–≤–ª–∞–∂–Ω—è—Ç—å –∫–æ–∂—É! 

 2. –¢–æ–Ω KEVYN AUCOIN the etherealist skin illuminating foundation ~6000 ‚ÇΩ
–•–æ–¥–æ–≤—ã–µ –æ—Ç—Ç–µ–Ω–∫–∏ 
1,3,5 
–ï—Å—Ç–µ—Å—Ç–≤–µ–Ω–Ω—ã–π —Ñ–∏–Ω–∏—à, –Ω–æ –±—É–¥–µ—Ç —É–∂–µ –ø–æ–ø–ª–æ—Ç–Ω–µ–µ , —á–µ–º —Ç–æ–Ω –æ—Ç La Mer 
–õ—é–±–ª—é –Ω–∞–Ω–æ—Å–∏—Ç—å –µ–≥–æ –≤–ª–∞–∂–Ω—ã–º —Å–ø–æ–Ω–∂–µ–º, –¥–ª—è –±–æ–ª–µ–µ –ª–µ–≥–∫–æ–≥–æ –ø–æ–∫—Ä—ã—Ç–∏—è
–î–ª—è –Ω–æ—Ä–º–∞–ª—å–Ω–æ–π –∏ –∫–æ–º–±–∏ –∫–æ–∂–∏! 

 3. –¢–æ–Ω CLINIQUE even better clinical foundation ~5000‚ÇΩ 
–•–æ–¥–æ–≤—ã–µ –æ—Ç—Ç–µ–Ω–∫–∏ CN 28, CN 40
–ü–∏–≥–º–µ–Ω—Ç–∏—Ä–æ–≤–∞–Ω–Ω—ã–π, —É—Å—Ç–æ–π—á–∏–≤—ã–π –∏ –ø–ª–æ—Ç–Ω—ã–π —Ñ–∏–Ω–∏—à. –ü–æ–¥—Ö–æ–¥–∏—Ç –¥–ª—è –∂–∏—Ä–Ω–æ–≥–æ –∏ –∫–æ–º–±–∏–Ω–∏—Ä–æ–≤–∞–Ω–Ω–æ–≥–æ —Ç–∏–ø–∞ –∫–æ–∂–∏, –Ω–µ —Å–∫–ª–æ–Ω–Ω–æ–π –∫ —Å—É—Ö–æ—Å—Ç–∏!  
–†–µ–¥–∫–æ –∏—Å–ø–æ–ª—å–∑—É—é –≤ —á–∏—Å—Ç–æ–º –≤–∏–¥–µ, —Ç–∞–∫ –∫–∞–∫ –º–æ–∂–µ—Ç –∑–∞–º–µ—Ç–Ω–æ –ø–æ–¥—á–µ—Ä–∫–Ω—É—Ç—å —Ç–µ–∫—Å—Ç—É—Ä—É –∫–æ–∂–∏. 


 4. –¢–æ–Ω EST√âE LAUDER double wear sheer long-wear makeup ~ 5000‚ÇΩ
–•–æ–¥–æ–≤—ã–µ –æ—Ç—Ç–µ–Ω–∫–∏ 1n2, 2n1
–°–∞–º—ã–π –ª–µ–≥–∫–∏–π –ø–æ –ø–æ–∫—Ä—ã—Ç–∏—é —Ç–æ–Ω –∏–∑ –ø–æ–¥–±–æ—Ä–∫–∏, –Ω–æ –ø—Ä–∏ —ç—Ç–æ–º —É—Å—Ç–æ–π—á–∏–≤—ã–π —Ñ–ª—é–∏–¥ —Å –µ—Å—Ç–µ—Å—Ç–≤–µ–Ω–Ω—ã–º —Ñ–∏–Ω–∏—à–µ–º. –ü–æ–¥—Ö–æ–¥–∏—Ç –¥–ª—è –Ω–æ—Ä–º–∞–ª—å–Ω–æ–π –∫–æ–∂–∏, —Å–∫–ª–æ–Ω–Ω–æ–π –∫ –∂–∏—Ä–Ω–æ—Å—Ç–∏ –∏–ª–∏ –∫–æ–º–±–∏–Ω–∏—Ä–æ–≤–∞–Ω–Ω–æ–≥–æ —Ç–∏–ø–∞ –∫–æ–∂–∏.
–ú–æ–∂–Ω–æ –Ω–∞–Ω–æ—Å–∏—Ç—å –∫–∞–∫ –∫–∏—Å—Ç—å—é, —Ç–∞–∫ –∏ —Å–ø–æ–Ω–∂–µ–º. 

 5. –¢–æ–Ω BPERFECT chroma cover Matt  ~3000‚ÇΩ 
–•–æ–¥–æ–≤–æ–π –æ—Ç—Ç–µ–Ω–æ–∫ N1 
–ú–∞—Ç–æ–≤—ã–π –ø–ª–æ—Ç–Ω—ã–π —Ñ–∏–Ω–∏—à, —Å–æ–≤–µ—Ç—É—é –Ω–∞–Ω–æ—Å–∏—Ç—å –≤–ª–∞–∂–Ω—ã–º —Å–ø–æ–Ω–∂–µ–º 
–•–æ—Ä–æ—à–æ –ø–µ—Ä–µ–∫—Ä–æ–µ—Ç –Ω–µ—Å–æ–≤–µ—Ä—à–µ–Ω—Å—Ç–≤–∞ –Ω–∞ –∫–æ–∂–µ 

 6. –¢–æ–Ω WET N WILD  photo focus foundation ~1000‚ÇΩ 
–•–æ–¥–æ–≤—ã–µ –æ—Ç—Ç–µ–Ω–∫–∏ Nude Ivory, Golden bei
–ï—Å—Ç–µ—Å—Ç–≤–µ–Ω–Ω—ã–π —Ñ–∏–Ω–∏—à, –ø–æ–¥—Ö–æ–¥–∏—Ç –¥–ª—è –∫–æ–º–±–∏ –∫–æ–∂–∏ 
–ù–µ–º–Ω–æ–≥–æ –º–æ–∂–µ—Ç –ø–æ–¥—á–µ—Ä–∫–Ω—É—Ç—å —à–µ–ª—É—à–µ–Ω–∏—è, –Ω–µ –∑–∞–±—ã–≤–∞–µ–º –ø—Ä–æ —É—Ö–æ–¥!"
260,
259,"–°–µ–≥–æ–¥–Ω—è –Ω–∞ –±–∞–∑–æ–≤–æ–º –∫—É—Ä—Å–µ! 
–ú–æ–π –ø–æ–∫–∞–∑ –Ω–∞ –ø—Ä–æ–±–ª–µ–º–Ω–æ–π –∫–æ–∂–µ ‚ú®
–ö–∞–∫ –≤–∞–º —Ä–µ–∑—É–ª—å—Ç–∞—Ç? 

–ü–æ –∏—Ç–æ–≥–∞–º –≥–æ–ª–æ—Å–æ–≤–∞–Ω–∏—è –≤—ã—à–µ, –ø–µ—Ä–≤–∞—è –ø–æ–¥–±–æ—Ä–∫–∞- —Ç–æ–Ω–∞ –¥–ª—è –∫–æ–º–±–∏ –∫–æ–∂–∏! 
–ñ–¥–∏—Ç–µ  —É–∂–µ –≤ —á–µ—Ç–≤–µ—Ä–≥ ‚ù§Ô∏è‚Äçüî•"
258,
257,
256,"–ú–æ—è –¥–µ–º–æ–Ω—Å—Ç—Ä–∞—Ü–∏—è —Å–≤–∞–¥–µ–±–Ω–æ–≥–æ –º–∞–∫–∏—è–∂–∞ –Ω–∞ –±–∞–∑–æ–≤–æ–º –∫—É—Ä—Å–µ ü§ç

–ò—Å–ø–æ–ª—å–∑–æ–≤–∞–ª–∞ –Ω–æ–≤–∏–Ω–∫—É –≤ —Å–≤–æ–µ–º –∫–µ–π—Å–µ- —ç—Ç–æ —Ç–æ–Ω –æ—Ç [Danessa](https://instagram.com/danessa_myricks?igshid=M2RkZGJiMzhjOQ==) –≤ –æ—Ç—Ç–µ–Ω–∫–µ 6N —Å —Å–∏—è—é—â–∏–º —Ñ–∏–Ω–∏—à–µ–º. 
–ü–æ–¥–æ–π–¥–µ—Ç –¥–ª—è —Å—É—Ö–æ–π –∏ –Ω–æ—Ä–º–∞–ª—å–Ω–æ–π –∫–æ–∂–∏! 
–°—Ä–µ–¥–Ω–µ–π –ø–ª–æ—Ç–Ω–æ—Å—Ç–∏ –∏ –¥–æ—Å—Ç–∞—Ç–æ—á–Ω–æ –ø–∏–≥–º–µ–Ω—Ç–∏—Ä–æ–≤–∞–Ω–Ω—ã–π, –ø–æ—ç—Ç–æ–º—É –¥–æ—Å—Ç–∞—Ç–æ—á–Ω–æ –±—É–¥–µ—Ç –Ω–µ–±–æ–ª—å—à–æ–≥–æ –∫–æ–ª–∏—á–µ—Å—Ç–≤–∞ –¥–ª—è –∏–¥–µ–∞–ª—å–Ω–æ–≥–æ –∏ —Ä–∞–≤–Ω–æ–º–µ—Ä–Ω–æ–≥–æ –ø–æ–∫—Ä—ã—Ç–∏—è. 

–ö–∞–∫ –≤–∞–º –Ω–∞—à –æ–±—Ä–∞–∑ –Ω–µ–≤–µ—Å—Ç—ã? 
–ú–æ–¥–µ–ª—å [–ö–∞—Ç—è](https://instagram.com/kkrasnova_?igshid=M2RkZGJiMzhjOQ==) 
–£–∫–ª–∞–¥–∫–∞ [–ù–∞—Å—Ç—è](https://instagram.com/anastasia_ron_?igshid=M2RkZGJiMzhjOQ==)"
255,
254,
253,
252,
251,
250,
249,
248,
247,
246,
245,
244,
243,
242,
241,"–í—á–µ—Ä–∞ –±—ã–ª —É—Ä–æ–∫ –ø–æ–≤—ã—à–µ–Ω–∏—è –¥–ª—è –∫–æ–ª–ª–µ–≥–∏ –∏–∑ –ú–æ—Å–∫–≤—ã! 
–î–µ–ª—é—Å—å –ø—Ä–æ–¥—É–∫—Ç–∞–º–∏, –∫–æ—Ç–æ—Ä—ã–º–∏ –¥–µ–ª–∞–ª–∏ —ç—Ç–æ—Ç –º–∞–∫–∏—è–∂ ü§ç 
–ö–∞–∫ –≤–∞–º –æ–±—Ä–∞–∑?"
239,
238,
237,
236,
235,
234,"–ú–æ–∏ –≤—ã—Ö–æ–¥–Ω—ã–µ ü§ç 
–¢–µ–∞—Ç—Ä –∏ —à–æ–ø–∏–Ω–≥ 
–ß—Ç–æ –º–æ–∂–µ—Ç –±—ã—Ç—å –ª—É—á—à–µ!"
233,"–ß–∞—Å—Ç—å 3 (–∑–∞–∫–ª—é—á–∏—Ç–µ–ª—å–Ω–∞—è –∏ –æ–≥—Ä–æ–º–Ω–∞—è, –∫—Ç–æ –Ω–µ —á–∏—Ç–∞–ª –¢–æ–ª—Å—Ç–æ–≥–æ, –ø—Ä–æ—Å—Ç–æ –ø—Ä–æ–ª–∏—Å—Ç—ã–≤–∞–π—Ç–µ, –æ–±—ä–µ–º –Ω–µ–ø–æ—Å–∏–ª—å–Ω—ã–π).

–°–∞–º–æ –æ–±—É—á–µ–Ω–∏–µ, —è –¥—É–º–∞–ª–∞, –±—É–¥–µ—Ç –æ–∫–æ–ª–æ 3—Ö —á–∞—Å–æ–≤.
–ú–æ–∂–µ—Ç –±—ã—Ç—å –ø–æ–≤–µ–∑–ª–æ –º–Ω–µ, –∞ –º–æ–∂–µ—Ç —Ç–∞–∫ —É –∫–∞–∂–¥–æ–≥–æ, –∞ –º–æ–∂–µ—Ç —Ç–∞–∫ –º–∞–ª–æ —Ç–æ–ª—å–∫–æ —É –º–µ–Ω—èü§£
–ö–æ—Ä–æ—á–µ, –¥–æ—Ä–æ–≥–∏–µ –º–æ–∏, –Ω–µ –±—ã–ª–æ —ç—Ç–∏—Ö —Ç—Ä–µ—Ö —á–∞—Å–æ–≤, –º—ã –ø–µ—Ä–µ–≤–∞–ª–∏–ª–∏ –∑–∞ –æ—Ç–º–µ—Ç–∫—É —Ç–∞–π–º–∏–Ω–≥–∞, –∏ –ù–ò–ö–¢–û!!! –Ω–µ —Å–∫–∞–∑–∞–ª: ¬´–≤—Ä–µ–º—è –≤—ã—à–ª–æ, —á–µ–º–æ–¥–∞–Ω, –≤–æ–∫–∑–∞–ª, –Ω–∞—Ö..¬ª
–†–∞–±–æ—á–∏–π –ø—Ä–æ—Ü–µ—Å—Å –ø–µ—Ä–µ—Ç–µ–∫–∞–ª –≤ —Ä–∞–∑–≥–æ–≤–æ—Ä—ã, –∫–æ—Ç–æ—Ä—ã–µ —Ä–µ–∞–ª—å–Ω–æ –±—ã–ª–∏ –æ—á–µ–Ω—å —ç–º–æ—Ü–∏–æ–Ω–∞–ª—å–Ω—ã–º–∏(–¥–ª—è –Ω–∞—Å –æ–±–æ–∏—Ö). 
–ë—ã–ª–∏ –≤–µ—â–∏, –∫–æ—Ç–æ—Ä—ã–µ –º–Ω–µ —Å–ª–æ–∂–Ω–æ —Å–∫–∞–∑–∞—Ç—å —Å–µ–±–µ —Å–∞–º–æ–π, –∏–º–µ—è –ø—Å–∏—Ö–æ–ª–æ–≥–∞!!, —Ç—É—Ç —Å –†–æ–º–æ–π –º—ã –∫–æ—Å–Ω—É–ª–∏—Å—å —Ä–∞–∑–Ω–æ–≥–æ. –ì–æ–≤–æ—Ä–∏–ª–∏ –æ–±–æ –≤—Å–µ–º! –ù—É, —Ä–∏–ª–∏! –ò –≤—Å–µ –±—ã–ª–æ –≤ —Ä–µ–∂–∏–º–µ —Ä–∞–±–æ—Ç—ã.

–ù–∏–∫—É–¥–∞ –†–æ–º–∞–Ω –Ω–µ –∏—Å—á–µ–∑–∞–ª –≤ –ø—Ä–æ—Ü–µ—Å—Å–µ, –Ω–µ –±—ã–ª–æ –æ—â—É—â–µ–Ω–∏—è, —á—Ç–æ —Ç—ã –Ω–∞ —É—Ä–æ–∫–µ –æ–¥–∏–Ω. –¢–∏–ø–∞ –æ–Ω –æ—Ç–≤–µ–ª —Å–≤–æ—é —á–∞—Å—Ç—å, –∞ –¥–∞–ª—å—à–µ –ø–æ—Ö–µ—Ä. –ö–∞–∫ —Ä–∞–∑ –Ω–∞–æ–±–æ—Ä–æ—Ç! –ö—Å—Ç–∞—Ç–∏! –†–æ–º–∞ –≥–æ–≤–æ—Ä–∏—Ç —Ç–µ–±–µ –æ–± –æ—à–∏–±–∫–∞—Ö!
–ù–µ –≤ —Å—Ç–∏–ª–µ ¬´–Ω–µ–ø—Ä–æ—Ö–æ–¥–∏–º–∞—è –∏–¥–∏–æ—Ç–∫–∞, –º–æ–∏ –≥–ª–∞–∑–∞ –≤—ã—Ç–µ–∫–∞—é—Ç¬ª. –ù–æ –≥–¥–µ-—Ç–æ —Ä—è–¥–æ–ºü§£
–®—É—á—É. –ö–æ—Ä–æ—á–µ, –æ–± –æ—à–∏–±–∫–∞—Ö –†–æ–º–∞ –≥–æ–≤–æ—Ä–∏—Ç. 
–ù–æ –≤—ã –Ω–µ —á—É–≤—Å—Ç–≤—É–µ—Ç–µ —Å–µ–±—è –Ω–∞ —É—Ä–æ–∫–µ, —É –≤–∞—Å –Ω–µ —Ç—Ä—è—Å—É—Ç—Å—è –ø—Ä–∏ —ç—Ç–æ–º —Ä—É–∫–∏, –Ω–æ–≥–∏ –∏ —á—Ç–æ –µ—â–µ —Ç–∞–º –º–æ–∂–µ—Ç —Ç—Ä—è—Å—Ç–∏—Å—å.

–ü–∏—Å–∞–ª–∞ –≤ –ò–Ω—Å—Ç –æ —Ç–æ–º, —á—Ç–æ –†–æ–º–∞ –≥–æ—Ä–∏—Ç —Å–≤–æ–∏–º –¥–µ–ª–æ–º.
–î–∞ —ç—Ç–æ –ø–∏–∑–¥—ç—Ü, —ç—Ç–æ –ø–ª–∞–º—è! –ù—É, –≤—ã –ø–æ–¥—É–º–∞–π—Ç–µ, —á–µ–ª–æ–≤–µ–∫ –≤ –ø—Ä–æ—Ñ–µ—Å—Å–∏–∏ 12 –ª–µ—Ç.
–ò —è –≤–∏–∂—É –∫–∞–∫ –ª—é–¥–∏ —Å –æ–ø—ã—Ç–æ–º –ª–æ–≤—è—Ç –∑–≤–µ–∑–¥—É, –∫–∞–∫ –æ–Ω–∏ –º–µ–Ω—è—é—Ç—Å—è, –∞ –∫—Ç–æ-—Ç–æ –≤—Å–µ —Å–ø—É—Å–∫–∞–µ—Ç –Ω–∞ –æ—Ç—ä–µ–±–∏—Å—å –∏ –≤—Å–µ. –í—Å–µ–º –ø–æ—Ö –∫–∞–∫ –∏ —á—Ç–æ, –æ–ø—ã—Ç, –∏–º—è, –∏ —á–µ–ª–æ–≤–µ–∫ —É–∂–µ –ª–µ—Ç–∏—Ç –Ω–∞ –∑–≤–µ–∑–¥–µ, –ª–∏–±–æ –ø–∏–Ω–∞–µ—Ç –≤—Å–µ. –ú–∞–ª–æ —Ç–µ—Ö, –∫—Ç–æ —Å–æ–∑–¥–∞–µ—Ç —á—Ç–æ-—Ç–æ. –ë–æ–ª—å—à–µ —Ç–µ—Ö, –∫—Ç–æ –ø—Ä–æ—Å—Ç–æ –∑–∞—Ä–∞–±–∞—Ç—ã–≤–∞–µ—Ç –∏ –Ω–µ –∏–Ω—Ç–µ—Ä–µ—Å—É–µ—Ç—Å—è –Ω–∏—á–µ–º. 
[–†–æ–º–∞](https://t.me/poniroma1993), –ø–æ–≤–µ—Ä—å—Ç–µ, —á–µ–ª–æ–≤–µ–∫-–º–∞—à–∏–Ω–∞. –¢–∞–º –ø–ª–∞–Ω–æ–≤, —á—Ç–æ —è –Ω–∞–∫–æ–Ω–µ—Ü –ø–æ–Ω—è–ª–∞, —Ö–æ—Ç—è —Å—Ç–æ–ª—å–∫–æ —Ä–∞–∑ —Å–∞–º–∞ —ç—Ç–æ –≥–æ–≤–æ—Ä–∏–ª–∞, –Ω–æ —Ç—É—Ç –ø—Ä–æ—á—É–≤—Å—Ç–≤–æ–≤–∞–ª–∞. –ù–∞–¥–æ –†–ê–ë–û–¢–ê–¢–¨, –¥–∞ –µ—â–µ –∫–∞–∫ –†–ê–ë–û–¢–ê–¢–¨, –†–ê–ë–û–¢–ê–¢–¨ –∏ –†–ê–ë–û–¢–ê–¢–¨ —Ö100500

–°–ø–∞—Å–∏–±–æ –í–∞—Å–µüíî—á—Ç–æ –≤—Å–µ —ç—Ç–æ –≤—Ä–µ–º—è –¥–æ –ø—Ä–∏–µ–∑–¥–∞ –∫–æ–Ω–Ω–µ–∫—Ç–∏–ª –≥—Ä–∞—Ñ–∏–∫–∏ –∏ –≤—Ä–µ–º—è, —á—Ç–æ –Ω–µ –ø–æ—Å–ª–∞–ª –º–µ–Ω—èü§£ 

–í–æ–æ–±—â–µ —Ä–µ–±—è—Ç–∞-–∫–æ–º–∞–Ω–¥–∞! –†–∞–±–æ—Ç–æ—Å–ø–æ—Å–æ–±–Ω–æ—Å—Ç—å —É—Ä–æ–≤–µ–Ω—å 100!
–ò –æ—Ç —á–∏—Å—Ç–æ–≥–æ —Å–µ—Ä–¥—Ü–∞(–ø—Ä—è–º —Ç–æ—Å—Çüòâ –Ω–∞ —Ç–æ—Ä–∂–µ—Å—Ç–≤–µ)-—ç—Ç–æ –æ–¥–Ω–æ –∏–∑ –ª—É—á—à–∏—Ö –º–æ–∏—Ö –æ–±—É—á–µ–Ω–∏–π. –†–æ–º–∞, —Ç—ã –≤—Å–µ –∑–Ω–∞–µ—à—å! –°–ø–∞—Å–∏–±–æ! –ø—É—Å—Ç—å –≤—Å–µ —Ç–≤–æ–∏ –ø–ª–∞–Ω—ã –±—ã—Å—Ç—Ä–æ —Ä–µ–∞–ª–∏–∑—É—é—Ç—Å—èü´∂üèª
P.S.: –∏–Ω—Å–∞–π–¥–µ—Ä—Å–∫—É—é –∏–Ω—Ñ—É –ø—Ä–æ –ø—Ä–æ–¥—É–∫—Ç—ã –Ω–µ —Ä–∞—Å—Å–∫–∞–∂—É, –Ω–æ –∫–∞–∫ –≤–∏–¥–∏—Ç–µ, –¥–∞—é –∑–Ω–∞—Ç—å, —á—Ç–æ –∑–Ω–∞—é, —á—Ç–æ –±—É–¥–µ—Ç —É –†–æ–º—ã –≤ —Å–ª–µ–¥ –≥–æ–¥—É. –¢–µ—Å—Ç–∏–ª–∞. –°–∫—É–ø–ª—é –≤—Å–µü§£"
231,"–ß–∞—Å—Ç—å2.
–≠—Ç–∞ –ø–æ–µ–∑–¥–∫–∞ –±—ã–ª–∞ –∫–∞–∫ —É—Ä–æ–∫ –ø–æ –º–µ–π–∫—É, –∫–∞–∫ —Ä–∞–∑–≥–æ–≤–æ—Ä —Å —á–µ–ª–æ–≤–µ–∫–æ–º –æ —Å–≤–æ–∏—Ö —Å–ª–∞–±—ã—Ö –º–µ—Å—Ç–∞—Ö, –æ —Å–≤–æ–∏—Ö —Å—Ç—Ä–∞—Ö–∞—Ö, –æ —Å–≤–æ–∏—Ö –ø–µ—Ä–µ–∂–∏–≤–∞–Ω–∏—è—Ö.
–ó–Ω–∞–µ—Ç–µ, —Ç–∞–∫–æ–π, –ø—Ä—è–º –∫–∞–∫ —Å–æ —Å–≤—è—â–µ–Ω–Ω–∏–∫–æ–ºü§£ 
–°–∫–∞–∂—É —Ç–∞–∫, –∫–æ–≥–¥–∞ –º—ã —á—Ç–æ-—Ç–æ –ø—Ä–∏–æ–±—Ä–µ—Ç–∞–µ–º –∑–∞ –¥–µ–Ω—å–≥–∏, —Ç–æ –≤ –Ω–µ–∫–æ—Ç–æ—Ä—ã–µ –º–æ–º–µ–Ω—Ç—ã –¥—É–º–∞–µ–º,  —á—Ç–æ –æ–Ω–æ —Ç–æ–≥–æ –Ω–µ —Å—Ç–æ–∏—Ç. –í–æ—Ç —ç—Ç–∏ –º—ã—Å–ª–∏ –Ω—É–∂–Ω–æ —É–±–∏—Ä–∞—Ç—å. –í–æ–∑–º–æ–∂–Ω–æ, –ø—Ä–æ—Å—Ç–æ –Ω–µ –æ–Ω–æ —Ç–æ–≥–æ –Ω–µ —Å—Ç–æ–∏—Ç, –∞ –º—ã –∫ —ç—Ç–æ–º—É –Ω–µ –≥–æ—Ç–æ–≤—ã. 
–£—Ä–æ–∫ —É –†–æ–º—ã —Å—Ç–æ–∏—Ç 75.000‚ÇΩ
 –ò —ç—Ç–æ, –ø–æ–≤–µ—Ä—å—Ç–µ, –Ω–µ—Å—Ä–∞–≤–Ω–∏–º–æ —Å —Ç–µ–º, —á—Ç–æ –≤—ã –ø–æ–ª—É—á–∞–µ—Ç–µ –≤ –∏—Ç–æ–≥–µ. 
–ö–∞–∫ –≤—ã—Ö–æ–¥ –≤ –æ—Ç–∫—Ä—ã—Ç—ã–π –∫–æ—Å–º–æ—Å.
–£—Ä–æ–≤–µ–Ω—å –ø–æ–¥–∞—á–∏ –∏ –ø–æ–¥–≥–æ—Ç–æ–≤–∫–∏ —Ç–∞–∫–æ–π, –∫–∞–∫–æ–≥–æ —è –Ω–µ –≤—Å—Ç—Ä–µ—á–∞–ª–∞ –ø–æ–∫–∞ –Ω–∏ —É –æ–¥–Ω–æ–≥–æ –º—ç–π–∫–∞–ø —Å–ø–µ—Ü–∏–∞–ª–∏—Å—Ç–∞ –≤ –†–æ—Å—Å–∏–∏. –ò —ç—Ç–æ–º—É —Å—Ç–æ–∏—Ç –ø–æ—É—á–∏—Ç—å—Å—è –≤—Å–µ–º. –†–æ–º–∞ –ø–æ–∫–∞–∑–∞–ª –∏ —Å–≤–æ—é —Ç–µ—Ö–Ω–∏–∫—É, –∏ –Ω–µ –æ–±–ª–∞–º—ã–≤–∞—è—Å—å —Ä–∞—Å—Å–∫–∞–∑–∞–ª –ø—Ä–æ –ª–∞–π—Ñ—Ö–∞–∫–∏ –∏ —Å–∏–∫—Ä–µ—Ç–≤–µ—â–∏. –ü—Ä–æ—Ü–µ—Å—Å —Å—ä–µ–º–∫–∏.."
230,"–ß–∞—Å—Ç—å1.
–Ø –Ω–∞—á–∏–Ω–∞—é –†–æ–º–∞–Ω, –†–æ–º–∞-–†–æ–º–∞-–†–æ–º–∞–Ω.
–ö–æ—Ä–æ—á–µ, –∞ –∫–æ—Ä–æ—á–µ –Ω–µ –±—É–¥–µ—Ç.
–ü–∏—Å–∞–ª–∞, —á—Ç–æ —Å–æ–Ω –¥–ª—è —Å–ª–∞–±–∞–∫–æ–≤.
–ì–æ—Å–ø–æ–¥–∏, –∫–∞–∫ —è –ø—Ä–µ—É–º–µ–Ω—å—à–∞–ª–∞ –Ω–∞ —Å–∞–º–æ–º –¥–µ–ª–µ. 
–í —Ä–∞–±–æ—á–µ–º –∫–∞–ª–µ–Ω–¥–∞—Ä–µ —É –º–µ–Ω—è –ø—Ä–æ—Å—Ç–æ –Ω–µ –±—ã–ª–æ –ø–∞—É–∑—ã, —á—Ç–æ–±—ã –¥–æ–µ—Ö–∞—Ç—å, –ø–æ—Å–ø–∞—Ç—å, —Å–æ–±—Ä–∞—Ç—å—Å—è –º–æ—Ä–∞–ª—å–Ω–æ –∏ —Ñ–∏–∑–∏—á–µ—Å–∫–∏, –ø–æ–π—Ç–∏ –Ω–∞ –æ–±—É—á–µ–Ω–∏–µ, –±—ã—Ç—å –ª–µ–≥–∫–æ–π –∏ –ø–∞—Ä—è—â–µ–π, –ø–æ—Ç–æ–º –ø–æ–π—Ç–∏ –Ω–∞ —É–∂–∏–Ω, –≤–æ–∑–º–æ–∂–Ω–æ, –¥–∞–∂–µ —Å —Ä–µ–±—è—Ç–∞–º–∏, –∞ –ø–æ—Å–ª–µ –ø–µ—Ä–µ–ª–µ—Ç—ã –∏ –ø–µ—Ä–µ–µ–∑–¥—ã, –æ—Ç–æ—Å–ø–∞—Ç—å—Å—è –¥–æ–º–∞, –∞ –ø–æ—Ç–æ–º –Ω–∞ —Ä–∞–±–æ—Ç—É. 
–§–∞–∫ —é, –∫–∞–∫ –≥–æ–≤–æ—Ä–∏—Ç—Å—è..
–ü–æ—Å–ª–µ –∫—É—Ä—Å–∞ –¥–ª—è —É—á–µ–Ω–∏—Ü—ã, —É –º–µ–Ω—è –±—ã–ª–æ –≤—Ä–µ–º—è –Ω–∞ —Å–±–æ—Ä —á–µ–º–æ–¥–∞–Ω–∞, –ø–µ—Ä–µ–ª–µ—Ç –¥–æ –°–æ—á–∏, –ø–æ—Ç–æ–º –ø–æ–µ–∑–¥ –≤ –ö—Ä–∞—Å–Ω–æ–¥–∞—Ä, –£—Ä–æ–∫, –∏ —Ç–∞–∫ –∂–µ –æ–±—Ä–∞—Ç–Ω–æ, –∞ –ø–æ—Ç–æ–º —Å–Ω–æ–≤–∞ –û–±—É—á–µ–Ω–∏–µ –∏ –∫–ª–∏–µ–Ω—Ç.
–ù–æ –≤—Å–µ –±—ã–ª–æ –≤ –Ω—É–∂–Ω—ã–π –º–æ–º–µ–Ω—Ç. 
–Ø –Ω–µ –ø—Ä–µ—É–≤–µ–ª–∏—á—É, –∫–æ–≥–¥–∞ —Å–∫–∞–∂—É, —á—Ç–æ –æ–±—É—á–µ–Ω–∏–µ –±—ã–ª–æ –æ–¥–Ω–∏–º –∏–∑ –ª—É—á—à–∏—Ö. –ò –∫–∞–∫ –≤–æ–≤—Ä–µ–º—è –æ–Ω–æ —Å–ª—É—á–∏–ª–æ—Å—å. –ú–µ–π–±–∏ –Ω–µ —É –≤—Å–µ—Ö –ø–æ—Å–ª–µ 3—Ö –ª–µ—Ç —Ä–∞–±–æ—Ç—ã –±—ã–≤–∞—é—Ç –ø–µ—Ä–∏–æ–¥—ã –ø–æ–∏—Å–∫–∞, –Ω–æ –≤–æ—Ç —É –º–µ–Ω—è –æ—á–µ–Ω—å –±–ª–∏–∑–∫–æ –∫ —ç—Ç–æ–º—É. –ò –æ–± —ç—Ç–æ–º –∫–∞–∫ —Ä–∞–∑ –∏ –≥–æ–≤–æ—Ä–∏–ª –†–æ–º–∞.."
228,"–ü—Ä–∏—è—Ç–Ω—ã–π –ø–æ–±–æ—á–Ω—ã–π —ç—Ñ—Ñ–µ–∫—Ç –ø–æ—Å–ª–µ –∫–∞–∂–¥–æ–≥–æ –æ–±—É—á–µ–Ω–∏—è- —ç—Ç–æ –∑–∞–∫—É–ø–∫–∞ –∫–æ—Å–º–µ—Ç–∏–∫–∏ –∏ –Ω–µ —Ç–æ–ª—å–∫–æ ü§™ 
–†–∞—Å—Å–∫–∞–∑—ã–≤–∞—é, —á—Ç–æ –≤–∑—è–ª–∞ –≤ —Ä–∞–±–æ—Ç—É –ø–æ—Å–ª–µ –ø–æ–≤—ã—à–µ–Ω–∏—è —É –†–æ–º—ã 
–ò –Ω–µ–±–æ–ª—å—à–∞—è –∑–∞–∫—É–ø–∫–∞ —É—Ö–æ–¥–æ–≤–æ–π –∫–æ—Å–º–µ—Ç–∏–∫–∏ –¥–ª—è —Å–µ–±—è)"
226,"–†–µ–±—è—Ç! –¢–æ–ª—å–∫–æ –∑–∞–∫–æ–Ω—á–∏–ª–æ—Å—å –æ–±—É—á–µ–Ω–∏–µ! –≠—Ç–æ –±—ã–ª–æ –ø–æ—Ç—Ä—è—Å–∞—é—â–µ!!! ‚ù§Ô∏è‚Äçüî• 
–†–∞—Å—Å–∫–∞–∑—ã–≤–∞—Ç—å/ –ø–æ–∫–∞–∑—ã–≤–∞—Ç—å –ø–æ–¥—Ä–æ–±–Ω–µ–µ?"
225,"–í—ã —Ç–æ–∂–µ —ç—Ç–æ –≤–∏–¥–∏—Ç–µ? –¢—É—Ç –∏ –≥–∞–¥–∞—Ç—å –Ω–µ –Ω—É–∂–Ω–æ, –Ω–∏—á–µ–≥–æ –Ω–æ–≤–æ–≥–æ‚Ä¶üíµ"
224,
223,
222,
221,"–Ø –Ω–∞ –º–µ—Å—Ç–µ! üìç–ö—Ä–∞—Å–Ω–æ–¥–∞—Ä 
–ü–æ–≥–æ–¥–∞ —à–∏–∫–∞—Ä–Ω–∞—è –∫–∞–∫ –∏ –º–æ–µ –Ω–∞—Å—Ç—Ä–æ–µ–Ω–∏–µ!  
–ü–µ—Ä–µ–¥ –æ–±—É—á–µ–Ω–∏–µ–º –∑–∞—à–ª–∞ –≤ CouCou bistro –Ω–∞ –≤–∫—É—Å–Ω—ã–π –∑–∞–≤—Ç—Ä–∞–∫ ‚òïÔ∏è"
220,
219,"I‚Äôm never drinking again 
–Æ–ª—è the next day üåö
–õ–∞–¥–Ω–æ, —ç—Ç–æ –ø—Ä–æ—Å—Ç–æ, —á—Ç–æ–±—ã –≤—Å–µ –≥–ª–∞–¥–µ–Ω—å–∫–æ –ø—Ä–æ—à–ª–æ 
–Ø –ø–æ–ª–µ—Ç–µ–ª–∞ –≤ –ö—Ä–∞—Å–Ω–æ–¥–∞—Ä ‚úàÔ∏è"
218,"–ü–∏—à–∏—Ç–µ –≤ –ª–∏—á–Ω—ã–µ —Å–æ–æ–±—â–µ–Ω–∏—è –¥–ª—è –±–æ–ª–µ–µ –ø–æ–¥—Ä–æ–±–Ω–æ–π –∏–Ω—Ñ–æ—Ä–º–∞—Ü–∏–∏! 
–ö—Å—Ç–∞—Ç–∏, –∫–∞–∫ –ø—Ä–∏–µ–¥—É, —Å–Ω–∏–º—É –≤–∞–º –æ–±–∑–æ—Ä —Å–≤–æ–µ–π —Å—Ç—É–¥–∏–∏! –ù–∞–∫–æ–Ω–µ—Ü-—Ç–æ! 
–Ø –ø—Ä–µ–¥–ª–∞–≥–∞—é –ø—Ä–∏–¥—É–º–∞—Ç—å –º–Ω–µ –Ω–∞–∫–∞–∑–∞–Ω–∏–µ, –µ—Å–ª–∏ —è –Ω–µ —Å–¥–µ–ª–∞—é –≤–∞–º –æ–±–∑–æ—Ä –¥–æ 12.11 ü§£"
217,
216,
215,
214,
213,
212,
211,
210,
209,
208,
207,
206,
205,
204,"–°–¥–µ–ª–∞–ª–∞ –¥–ª—è –≤–∞—Å –æ–±–∑–æ—Ä –∫—Ä–µ–º–æ–≤—ã—Ö —Ä—É–º—è–Ω –≤ —Ä–∞–∑–Ω—ã—Ö –±—Ä–µ–Ω–¥–∞—Ö –∏ —É—Ö–æ–¥–æ–≤–æ–π –∫–æ—Å–º–µ—Ç–∏–∫–∏.
–û—Ç –º–µ–Ω—è —á–µ—Å—Ç–Ω—ã–µ –æ—Ç–∑—ã–≤—ã, –æ—Ç –≤–∞—Å –∫–æ–º–º–µ–Ω—Ç–∞—Ä–∏–∏ ü´∂üèª
–ü–∏—à–∏—Ç–µ, —á—Ç–æ —Ö–æ—Ç–∏—Ç–µ —É–≤–∏–¥–µ—Ç—å –≤ —Å–ª–µ–¥—É—é—â–µ–º –æ–±–∑–æ—Ä–µ!"
203,
202,
201,
200,
199,"–î–µ–ª—é—Å—å –ø—Ä–æ–¥—É–∫—Ç–∞–º–∏, –∫–æ—Ç–æ—Ä—ã–º–∏ –¥–µ–ª–∞–ª–∞ –≤—á–µ—Ä–∞—à–Ω–∏–π –º–∞–∫–∏—è–∂ –õ–∏–∑–µ! 

–¢–∞–∫–∂–µ –ø–æ–∫–∞–∑–∞–ª–∞ –≤–∞–º –±—é–¥–∂–µ—Ç–Ω—ã–π –ø—Ä–æ–¥—É–∫—Ç, –∫–æ—Ç–æ—Ä—ã–π –∏—Å–ø–æ–ª—å–∑–æ–≤–∞–ª–∞ –Ω–∞ –ø–æ—Å–ª–µ–¥–Ω–µ–º —ç–∫—Å–ø—Ä–µ—Å—Å —É—Ä–æ–∫–µ —Å–≤–æ–µ–≥–æ –æ–Ω–ª–∞–π–Ω–∞ ü§´üòè

–î–µ–ª–∞—Ç—å —Ç–∞–∫–∏–µ –ø–æ–¥–±–æ—Ä–∫–∏ —á–∞—â–µ?"
198,
197,
196,"–°–µ–≥–æ–¥–Ω—è –±—ã–ª –¥–µ–Ω—å —Ç–≤–æ—Ä—á–µ—Å—Ç–≤–∞ üî•
–°–ø—É—Å—Ç—è 2 –≥–æ–¥–∞ –ø–æ—Å–ª–µ –∑–Ω–∞–∫–æ–º—Å—Ç–≤–∞ –≤—Å—Ç—Ä–µ—Ç–∏–ª–∏—Å—å —Å–µ–≥–æ–¥–Ω—è —Å [–õ–∏–∑–æ–π](https://instagram.com/elizaveta_anikhovskaya?igshid=OGQ5ZDc2ODk2ZA==) —É –º–µ–Ω—è –≤ —Å—Ç—É–¥–∏–∏, —á—Ç–æ–±—ã —Å–¥–µ–ª–∞—Ç—å –º–∞–∫–∏—è–∂ –Ω–∞ —Å—ä–µ–º–∫—É. 
–ó–∞–¥–∞—á–∞ –±—ã–ª–∞ —Å–¥–µ–ª–∞—Ç—å –µ—Å—Ç–µ—Å—Ç–≤–µ–Ω–Ω—ã–π –º–∞–∫–∏—è–∂, –∫–æ—Ç–æ—Ä—ã–π –±—ã–ª –±—ã –∫–æ–º—Ñ–æ—Ä—Ç–µ–Ω –≤ –∂–∏–∑–Ω–∏ –∏ —Å–º–æ—Ç—Ä–µ–ª—Å—è –≤—ã—Ä–∞–∑–∏—Ç–µ–ª—å–Ω–æ –Ω–∞ –∫–∞–º–µ—Ä–µ! 

–ö–∞–∫ —Å—á–∏—Ç–∞–µ—Ç–µ —Å–ø—Ä–∞–≤–∏–ª–∞—Å—å? 
–û—Å—Ç–∞–≤–ª—è–π—Ç–µ –∫–æ–º–º–µ–Ω—Ç–∞—Ä–∏–∏ –∏ —è –∑–∞–≤—Ç—Ä–∞ –ø–æ–¥–µ–ª—é—Å—å –ø—Ä–æ–¥—É–∫—Ç–∞–º–∏, –∫–æ—Ç–æ—Ä—ã–º–∏ –º–æ–∂–Ω–æ —Å–¥–µ–ª–∞—Ç—å —Ç–∞–∫–æ–π –º–µ–π–∫ ‚ù§Ô∏è‚Äçüî•"
195,"–î–æ–±—Ä–æ–µ —É—Ç—Ä–æ, –º–æ–∏ –¥–æ—Ä–æ–≥–∏–µ ‚ù§Ô∏è‚Äçüî•

–í—Ç–æ—Ä–æ–π —É—Ä–æ–∫ online —É–∂–µ –≤ –∑–∞–∫—Ä—ã—Ç–æ–º —Ç–µ–ª–µ–≥—Ä–∞–º –∫–∞–Ω–∞–ª–µ 
–ö–æ–º–º–µ—Ä—á–µ—Å–∫–∏–π –°–º–æ–∫–∏! –¢–æ—Ç –º–∞–∫–∏—è–∂, –∫–æ—Ç–æ—Ä—ã–π –±—É–¥–µ—Ç –∞–∫—Ç—É–∞–ª—å–Ω–æ –≤—Å–µ–≥–¥–∞! –Ø –ø–æ–∫–∞–∂—É –∫–∞–∫ —Ä–∞–±–æ—Ç–∞—Ç—å —Å —Ö–æ–ª–æ–¥–Ω—ã–º–∏ –æ—Ç—Ç–µ–Ω–∫–∞–º–∏ —Ç–µ–Ω–µ–π, –∫–æ—Ç–æ—Ä—ã—Ö –±–æ—è—Ç—Å—è –º–Ω–æ–≥–æ–µ –≤–∏–∑–∞–∂–∏—Å—Ç—ã
–†–∞—Å—Å–∫–∞–∂—É, –Ω–∞ —á—Ç–æ —Å–ª–µ–¥—É–µ—Ç –æ–±—Ä–∞—Ç–∏—Ç—å –≤–Ω–∏–º–∞–Ω–∏–µ –≤ –º–∞–∫–∏—è–∂–µ smoky eyes, —á—Ç–æ–±—ã –≤—Å–µ —Å–º–æ—Ç—Ä–µ–ª–æ—Å—å –≥–∞—Ä–º–æ–Ω–∏—á–Ω–æ üòè

–°–∞–º—ã–π –∑–∞–ø—Ä–∞—à–∏–≤–∞–µ–º—ã–π –º–∞–∫–∏—è–∂ —Å—Ä–µ–¥–∏ –º–æ–∏—Ö –∫–ª–∏–µ–Ω—Ç–æ–≤ –≤ —Å–µ–∑–æ–Ω –Ω–æ–≤–æ–≥–æ–¥–Ω–∏—Ö –∫–æ—Ä–ø–æ—Ä–∞—Ç–∏–≤–æ–≤ –∏ –Ω–µ —Ç–æ–ª—å–∫–æ 
–û–Ω–ª–∞–π–Ω –∞–∫—Ç—É–∞–ª–µ–Ω –∫–∞–∫ –¥–ª—è –≤–∏–∑–∞–∂–∏—Å—Ç–æ–≤, —Ç–∞–∫ –∏ –¥–ª—è —Å–µ–±—è! 
–ü–æ—Ç–æ–º—É —á—Ç–æ –≤—Å–µ —Ö–æ—Ç—è—Ç —à–∞–π–Ω –±—Ä–∞–∞–π—Ç like a diamond ‚ú®

–î–ª—è —Ç–æ–≥–æ, —á—Ç–æ–±—ã –ø—Ä–∏—Å–æ–µ–¥–∏–Ω–∏—Ç—å—Å—è, –ø–∏—à–∏—Ç–µ –º–Ω–µ –≤ –ª–∏—á–Ω—ã–µ —Å–æ–æ–±—â–µ–Ω–∏—è, —è –ø—Ä–∏—à–ª—é –≤—Å–µ –Ω–µ–æ–±—Ö–æ–¥–∏–º—É—é –∏–Ω—Ñ–æ—Ä–º–∞—Ü–∏—é 
 ‚úîÔ∏è–≠–ª–µ–∫—Ç—Ä–æ–Ω–Ω—ã–π —Å–µ—Ä—Ç–∏—Ñ–∏–∫–∞—Ç –æ –ø—Ä–æ—Ö–æ–∂–¥–µ–Ω–∏–∏ –º–æ–µ–≥–æ online
‚úîÔ∏è–†–æ–∑—ã–≥—Ä—ã—à –ø–æ–¥–∞—Ä–∫–∞ —Å—Ä–µ–¥–∏ —Ç–µ—Ö, –∫—Ç–æ –æ—Ç—Ä–∞–±–æ—Ç–∞–µ—Ç –≤—Å–µ –º–∞–∫–∏—è–∂–∏"
194,"The sexiest smoky eyes ‚ù§Ô∏è‚Äçüî•
–í—Ç–æ—Ä–æ–π —É—Ä–æ–∫ –º–æ–µ–≥–æ ONLINE 

–í –ø—Ä–æ–≥—Ä–∞–º–º–µ –¥–≤–∞ —Å–∞–º—ã—Ö –∫–ª–∏–µ–Ω—Ç—Å–∫–∏—Ö –º–∞–∫–∏—è–∂–∞: 
‚≠êÔ∏è –ò–¥–µ–∞–ª—å–Ω—ã–µ —Å—Ç—Ä–µ–ª—ã –∏ —Å–∏—è—é—â–∞—è –∫–æ–∂–∞; 
‚≠êÔ∏è –°–µ–∫—Å—É–∞–ª—å–Ω—ã–π —Å–º–æ–∫–∏ 
–ê —Ç–∞–∫–∂–µ —É—Ä–æ–∫ –ø–æ —Å–≤–µ—Ç—É –∏ –¥–µ–º–æ–Ω—Å—Ç—Ä–∞—Ü–∏—è –º–æ–∏—Ö —Ñ–∞–≤–æ—Ä–∏—Ç–æ–≤ –∫–æ—Å–º–µ—Ç–∏–∫–∏ 
–°—Ç–æ–∏–º–æ—Å—Ç—å –¥–æ 15.11 
‚ùóÔ∏è6000‚ÇΩ 
–î–æ—Å—Ç—É–ø –¥–æ 1.01.24"
193,"–ú–∞–∫–∏—è–∂ —Å –ø–µ—Ä–≤–æ–≥–æ —É—Ä–æ–∫–∞ –º–æ–µ–≥–æ online SAMAPOKROVSKAYA üíî
–ß—Ç–æ –º–æ–∂–µ—Ç –±—ã—Ç—å –ª—É—á—à–µ, —á–µ–º –∫–∞–∂–¥—ã–π –¥–µ–Ω—å —Å—Ç–∞–Ω–æ–≤–∏—Ç—å—Å—è –º–æ—â–Ω–µ–µ, —É—Å–ø–µ—à–Ω–µ–µ –∏ —É–≤–µ—Ä–µ–Ω–Ω–µ–µ –≤ —Å–µ–±–µ? 
–ü—Ä–∏—Ö–æ–¥–∏—Ç–µ –∑–∞ –≤–¥–æ—Ö–Ω–æ–≤–µ–Ω–∏–µ–º –≤ –º–æ–π online. 
–°—Ç–æ–∏–º–æ—Å—Ç—å –∑–∞ –¥–≤–∞ —É—Ä–æ–∫–∞ 6000‚ÇΩ üî•
–¢–∞–∫–∂–µ –±—É–¥–µ—Ç —É—Ä–æ–∫ –ø–æ —Å–≤–µ—Ç—É! 
–î–æ—Å—Ç—É–ø –¥–æ 1.01
–ó–∞ –±–æ–ª–µ–µ –ø–æ–¥—Ä–æ–±–Ω–æ–π –∏–Ω—Ñ–æ—Ä–º–∞—Ü–∏–µ–π –ø–æ –æ–ø–ª–∞—Ç–µ –ø–∏—à–∏—Ç–µ –≤ –ª–∏—á–Ω—ã–µ —Å–æ–æ–±—â–µ–Ω–∏—è ‚ù§Ô∏è"
192,
191,"–î–æ—Ä–æ–≥–∏–µ –º–æ–∏ –∏ —Å–∞–º—ã–µ —á—É–¥–µ—Å–Ω—ã–µ.
–ù—É, –∫–∞–∫ –∂–µ —è —Ä–∞–¥–∞! –ò –º–µ–Ω—è –ø–µ—Ä–µ–ø–æ–ª–Ω—è—é—Ç —ç–º–æ—Ü–∏–∏. –ê–∞–∞–∞.
–ú–æ–π –æ–Ω–ª–∞–π–Ω —É–∂–µ –º–æ–∂–Ω–æ –ø—Ä–∏–æ–±—Ä–µ—Å—Ç–∏.
–ò–Ω—Ñ–æ—Ä–º–∞—Ü–∏—è –±—É–¥–µ—Ç –≤ –∫–∞–Ω–∞–ª–µ —Å 1.11.2023.
–î–æ—Å—Ç—É–ø –∫ –æ–Ω–ª–∞–π–Ω—É –Ω–∞ 2 –º–µ—Å—è—Ü–∞! –ù–∞ 2!!!! 
–°—á–∏—Ç–∞—é, —á—Ç–æ —ç—Ç–æ –∏–¥–µ–∞–ª—å–Ω–æ –¥–ª—è —Ç–æ–≥–æ, —á—Ç–æ–±—ã –ø—Ä–æ–∫–∞—á–∞—Ç—å —Å–µ–±—è –ø–µ—Ä–µ–¥ –ù–æ–≤–æ–≥–æ–¥–Ω–∏–º–∏ –ø–∞—Ç–∏.
–ò–ª–∏ –ø–æ–¥–∞—Ä–∏—Ç—å —Å–≤–æ–µ–π –ø–æ–¥—Ä—É–≥–µ, –º–∞–º–µ, –∫–æ–ª–ª–µ–≥–µ.
–î–ª—è –ø—Ä–∏–æ–±—Ä–µ—Ç–µ–Ω–∏—è –¥–æ—Å—Ç—É–ø–∞ –ø–∏—à–∏—Ç–µ –º–Ω–µ –≤ –ª–∏—á–Ω—ã–µ —Å–æ–æ–±—â–µ–Ω–∏—èüòò"
190,
189,"–ù—É, —á—Ç–æ? –≠—Ç–æ –±—ã–ª–æ —à–µ–¥–µ–≤—Ä–∞–ª—å–Ω–æü§£—à–µ–¥–µ–≤—Ä–∞–ª—å–Ω–æ –ø–æ —É–∂–∞—Å—É, –∫–æ—Ç–æ—Ä—ã–π —è –∏—Å–ø—ã—Ç–∞–ª–∞. –≠—Ç–æ –±—ã–ª –º–æ–π –ø–µ—Ä–≤—ã–π –æ–ø—ã—Ç —Å—ä–µ–º–∫–∏ online. –ò —Ö–æ—á—É —Å–∫–∞–∑–∞—Ç—å –≤–∞–º, —á—Ç–æ —ç—Ç–æ –±–æ–ª—å—à–æ–π —Ç—Ä—É–¥! –ò —è –º–æ–ª–æ–¥–µ—Ü. –í—ã –¥–∞–∂–µ –Ω–µ –ø—Ä–µ–¥—Å—Ç–∞–≤–ª—è–µ—Ç–µ —Å–∫–æ–ª—å–∫–æ —Ä–∞–∑ —è —ç—Ç–æ —Ä–µ–ø–µ—Ç–∏—Ä–æ–≤–∞–ª–∞, –Ω–æ –∫–∞–∫ —Ç–æ–ª—å–∫–æ —è —Å–ª—ã—à–∞–ª–∞ ¬´–ø–∏—à–µ–º¬ª –∏–∑ –ø–∞–º—è—Ç–∏ —Å—Ç–∏—Ä–∞–ª–æ—Å—å –≤—Å–µ. –ê–±—Å–æ–ª—é—Ç–Ω–æ. –†—É–∫–∏ —Å—Ç–∞–Ω–æ–≤–∏–ª–∏—Å—å –±—É–∫–≤–∞–ª—å–Ω–æ –¥–µ—Ä–µ–≤—è–Ω–Ω—ã–º–∏. 
–Ø –≤—Å–ø–æ—Ç–µ–ª–∞ –∏ –ø–µ—Ä–µ–ø–æ—Ç–µ–ª–∞ü§£ –Ω–æ —Ä–µ–∑—É–ª—å—Ç–∞—Ç –ø—É—à–∫–∞. –°–µ–≥–æ–¥–Ω—è –±—É–¥–µ—Ç –≤—Ç–æ—Ä–æ–π –¥–µ–Ω—å. –û–±—è–∑–∞—Ç–µ–ª—å–Ω–æ –≤—Å–µ –ø–æ–∫–∞–∂—É."
188,"ONLINE ‚ÄúSAMAPOKROVSKAYA‚Äù

‚ùóÔ∏è1 –ù–û–Ø–ë–†–Ø‚ùóÔ∏è
 
–ì–æ–≤–æ—Ä–∏—Ç—å, —á—Ç–æ –æ–Ω –∫–ª–∞—Å—Å–Ω—ã–π –±–µ—Å—Å–º—ã—Å–ª–µ–Ω–Ω–æ, –µ—Å–ª–∏ –≤—ã –Ω–µ –≥–æ—Ç–æ–≤—ã –±—ã—Ç—å –ª—É—á—à–µ, –±—ã—Ç—å –≤ —Ä–µ—Å—É—Ä—Å–µ, –∞ –Ω–µ –≤ –∞—Ö—Ç—É–Ω–≥–µ.

-–ü–æ–¥–æ–π–¥–µ—Ç –ª–∏ –∫—É—Ä—Å –Ω–∞—á–∏–Ω–∞—é—â–∏–º –º–∞—Å—Ç–µ—Ä–∞–º? YES
-–ü–æ–¥–æ–π–¥–µ—Ç –ª–∏ –∫—É—Ä—Å –º–∞—Å—Ç–µ—Ä–∞–º, —Ä–∞–±–æ—Ç–∞—é—â–∏–º –¥–∞–≤–Ω–æ? YES
-–ó–∞—Ü–∏–∫–ª–∏–ª–∏—Å—å –∏ –Ω–µ—Ç –≤–¥–æ—Ö–Ω–æ–≤–µ–Ω–∏—è? COME TO ME
-–ê –¥–ª—è —Å–µ–±—è (–ª—é–±–∏—Ç–µ–ª–∏/—Å–º–æ—Ç—Ä–∏—Ç–µ–ª–∏ youtube –∫–∞–Ω–∞–ª–æ–≤)?–î–ª—è —Ç–æ–º–Ω—ã—Ö –≤—Å—Ç—Ä–µ—á —Å –ª—é–±–∏–º—ã–º–∏? –î–ª—è –Ω–æ–≤–æ–≥–æ–¥–Ω–∏—Ö –≤–µ—á–µ—Ä–∏–Ω–æ–∫ –∏ –ø–æ–∑–¥–Ω–∏—Ö –∑–∞–≤—Ç—Ä–∞–∫–æ–≤? –î–ê-–î–ê-–î–ê

–í–ê–®–ò –ë–û–õ–ò-–º–æ–µ —Ä–µ—à–µ–Ω–∏–µ.

–í –ø—Ä–æ–≥—Ä–∞–º–º–µ 2 –º–∞–∫–∏—è–∂–∞:
1. –°–µ–∫—Å—É–∞–ª—å–Ω—ã–π –∫–æ–º–º–µ—Ä—á–µ—Å–∫–∏–π —Å–º–æ–∫–∏ ‚ù§Ô∏è‚Äçüî•
2. –°–∏—è—é—â–∞—è –∫–æ–∂–∞ –∏ –∏–¥–µ–∞–ª—å–Ω–∞—è —Å—Ç—Ä–µ–ª–∫–∞ ‚ö°Ô∏è
+++–ú–æ–π –æ–ø—ã—Ç –∏ –º–æ–π —Å—Ç–µ–Ω–¥–∞–ø –≤ –ø—Ä–æ—Ü–µ—Å—Å–µ —ç—Ç–∏—Ö –º–µ–π–∫–æ–≤

–û–ø–ª–∞—Ç–∞ –∏–∑ –ª—é–±–æ–π —Ç–æ—á–∫–∏ –º–∏—Ä–∞.

–î–æ—Å—Ç—É–ø: –¥–æ 1.01.2024"
187,"–ú–æ–∏ –¥–æ—Ä–æ–≥–∏–µ! –î–∞-–¥–∞!
 –ü—Ä–æ–ø–∞–ª–∞, —Ç–∞–∫ –∂–µ –Ω–µ–æ–∂–∏–¥–∞–Ω–Ω–æ, –∫–∞–∫ –∏ –≤–µ—Ä–Ω—É–ª–∞—Å—å 
–ò –Ω–µ –ø—Ä–æ—Å—Ç–æ —Ç–∞–∫, –∞ —Å suuuper –Ω–æ–≤–æ—Å—Ç—å—é! ‚ù§Ô∏è‚Äçüî•"
185,"–í—ã—Å—Ç–∞–≤–ª—è—Ç—å –µ—â–µ? üî•
–ù–æ —Å–º–æ–≥—É —Ç–æ–ª—å–∫–æ –≤–µ—á–µ—Ä–æ–º 
–Ø –ø–æ–º—á–∞–ª–∞ –Ω–∞ –ø–ª—è–∂!"
184,
183,–¢—É—Ç –Ω–∞–¥–æ –ø–æ—Å–ª—É—à–∞—Ç—å –µ–≥–æ —Å–ø–∏—á ü§ç
182,
181,
180,
179,
178,"–†–µ–±—è—Ç, —è –∂–¥—É –æ—Ç –≤–∞—Å –º–Ω–æ–≥–æ —Ä–µ–∞–∫—Ü–∏–π –∫–∞–∫ —Ç—É—Ç, —Ç–∞–∫ –∏ –≤ –∏–Ω—Å—Ç–∞–≥—Ä–∞–º ü§òüèº
–í–µ–¥—å –º–æ—è —Å—å–µ–º–∫–∞ x9 –µ–≥–æ —Ç–æ—Ä—Å–∞ –±—ã–ª–∞ –¥–ª—è –≤–∞—Å ü§™üòÄ"
177,"–î–æ–±—Ä–æ–µ –≤–æ—Å–∫—Ä–µ—Å–Ω–æ–µ) 
–î–ª—è —Ç–µ—Ö, –∫—Ç–æ –Ω–µ –∑–Ω–∞–µ—Ç
–Ø —Å–µ–π—á–∞—Å –≤ –ë–∞–∫—É, –ø—Ä–∏–ª–µ—Ç–µ–ª–∞ –Ω–∞ –∫–æ–Ω—Ü–µ—Ä—Ç Imagine dragons üíî
–ë–µ–∑ –¥–æ–ª–≥–æ–≥–æ –ø—Ä–µ–¥–∏—Å–ª–æ–≤–∏—è, –Ω–∞—Å–ª–∞–∂–¥–∞–µ–º—Å—è –≤–∏–¥–µ–æ —Å –∫–æ–Ω—Ü–µ—Ä—Ç–∞ –≤–º–µ—Å—Ç–µ —Å–æ –º–Ω–æ–π!"
176,
175,
174,"–û–¥–Ω–∞ –∏–∑ –ª—é–±–∏–º—ã—Ö –∫–æ–º–±–∏–Ω–∞—Ü–∏–π –Ω–∞ –≥—É–±–∞—Ö
–Ø —Ç–∞ —Å—á–∞—Å—Ç–ª–∏–≤–∏—Ü–∞, —É –∫–æ—Ç–æ—Ä–æ–π –≤ –∑–∞–∫—Ä–æ–º–∞—Ö –µ—Å—Ç—å –µ—â–µ –¥–≤–∞ –∫–∞—Ä–∞–Ω–¥–∞—à–∞ nyx nude beige! 
–ï–≥–æ —É–∂–µ —Ç–æ—á–Ω–æ –Ω–∏–≥–¥–µ –Ω–µ –Ω–∞–π—Ç–∏. 
–ù–û! –Ø –∫ –≤–∞–º —Å –±—é–¥–∂–µ—Ç–Ω—ã–º –∞–Ω–∞–ª–æ–≥–æ–º —ç—Ç–æ–≥–æ –∫–∞—Ä–∞–Ω–¥–∞—à–∞! El coraz√≥n 227 –ø–æ–∫—É–ø–∞–ª–∞ [—Ç—É—Ç](https://www.wildberries.ru/catalog/147842984/detail.aspx?targetUrl=LC)

–ü–æ–º–∞–¥–∞ –±—ã–ª–∞ –æ—Ç charlotte tilbury penelope pink (–º–æ–∂–Ω–æ –∑–∞–∫–∞–∑–∞—Ç—å —á–µ—Ä–µ–∑ –±–∞–π–µ—Ä–æ–≤)
–ü–æ—Ö–æ–∂–∞—è –ø–æ–º–∞–¥–∞ –æ—Ç pusy juicy."
172,
171,
170,
169,"–û—Ü–µ–Ω–∏—Ç–µ –º–∞–∫–∏—è–∂ —Å –ø–æ—Å–ª–µ–¥–Ω–µ–≥–æ –ø–æ–≤—ã—à–µ–Ω–∏—è –¥–ª—è –∫–æ–ª–ª–µ–≥–∏ üíî 
–Ø –ø—Ä—è–º –∫–∞–π—Ñ—É—é –æ—Ç –Ω–∞—à–µ–≥–æ –æ–±—Ä–∞–∑–∞ ‚ù§Ô∏è‚Äçüî•"
168,
167,
166,
165,
164,
163,"–°–µ–≥–æ–¥–Ω—è —É –º–µ–Ω—è –±—ã–ª –≤—ã—Ö–æ–¥–Ω–æ–π üôÉ
–ë—ã–ª —à–æ–ø–ø–∏–Ω–≥ –∏ –≤–∫—É—Å–Ω–∞—è –µ–¥–∞ 
–°–µ–π—á–∞—Å –¥–æ–º–æ–π —Å–º–æ—Ç—Ä–µ—Ç—å —Å–µ—Ä–∏–∞–ª –∏ –æ–±—ä–µ–¥–∞—Ç—å—Å—è —Ñ—Ä—É–∫—Ç–∞–º–∏ üåù"
162,
161,
160,
159,
158,"–î–æ—Ä–æ–≥–∏–µ –º–æ–∏! 
–ù—É —Å–æ–≤—Å–µ–º —è –ø—Ä–æ–ø–∞–ª–∞ ü•≤
–°–≤–∞–¥–µ–±–Ω—ã–π —Å–µ–∑–æ–Ω- —ç—Ç–æ –ø–æ 3 –Ω–µ–≤–µ—Å—Ç—ã –≤ –¥–µ–Ω—å, –Ω–æ —Å–µ–≥–æ–¥–Ω—è –º–µ–∂–¥—É –Ω–µ–≤–µ—Å—Ç–∞–º–∏ —è –Ω–∞—à–ª–∞ –≤—Ä–µ–º—è –Ω–∞ –¢–í–û–†–ß–ï–°–¢–í–û! 
–ß—Ç–æ–±—ã –≤—ã –ø–æ–Ω–∏–º–∞–ª–∏, –≤–æ—Ç —Ç–∞–∫ —è —É–∂–µ –Ω–µ –∫—Ä–∞—Å–∏–ª–∞ –º–µ—Å—è—Ü–∞ –¥–≤–∞: –¥–ª—è —Å–µ–±—è! 
–ü–æ—Å–ª–µ–¥–Ω–∏–µ —Ä–∞–±–æ—Ç—ã- —ç—Ç–æ –º–æ–∏ –ø–æ–∫–∞–∑—ã  –Ω–∞ –ø–æ–≤—ã—à–µ–Ω–∏—è –∏ –±–∞–∑–æ–≤—ã–π –∫—É—Ä—Å. 


–ö–∞–∫ –≤–∞–º –æ–±—Ä–∞–∑? ‚ù§Ô∏è‚Äçüî•"
157,
156,
155,
154,"HB to me üíì
–°—á–∞—Å—Ç–ª–∏–≤—ã—Ö 28 
–õ—é–±–∏–º—ã–µ –ª—é–¥–∏ —Ä—è–¥–æ–º –∏ –ø–æ–¥–∞—Ä–∫–∏ –æ—Ç —Å–∞–º—ã—Ö –±–ª–∏–∑–∫–∏—Ö ü´∂üèª
–ó–∞—Ñ–∏–Ω–∞–ª–∏–ª–∞ —ç—Ç–æ—Ç –¥–µ–Ω—å –°–ø–∞ ü´†"
153,
152,
151,"–ú–Ω–æ–≥–æ –≤–æ–ø—Ä–æ—Å–æ–≤, —á—Ç–æ —è –∏—Å–ø–æ–ª—å–∑–æ–≤–∞–ª–∞ –≤ –ø–æ—Å–ª–µ–¥–Ω–µ–º –º–∞–∫–∏—è–∂–µ —Å –±–∞–∑–æ–≤–æ–≥–æ –∫—É—Ä—Å–∞ üëêüèª 
–ö—Ä–∞—Å–∏–≤–µ—â–∞—è –ø–∞–ª–µ—Ç–∫–∞ Charlotte Tilbury the rock chick 
–°—Ç–æ–π–∫–∏–π –∫–∞—Ä–∞–Ω–¥–∞—à –æ—Ç Vivienne sabo –≤ —Å–µ—Ä–æ–º —Ü–≤–µ—Ç–µ 
–ö–∞–∫ –≤–∞–º —Ç–∞–∫–æ–π –≤–∞—Ä–∏–∞–Ω—Ç –°–º–æ–∫–∏? 
–ü–æ –º–Ω–µ –ø—Ä—è–º —Å–µ–∫—Å–∏ ‚ù§Ô∏è‚Äçüî•"
150,
149,
148,"–£—Ç—Ä–µ–Ω–Ω–∏–µ –≤—ã–ª–∞–∑–∫–∏ —Å –ø–æ–¥—Ä—É–≥–æ–π ü§ç
–ó–∞–≤—Ç—Ä–∞–∫ –≤ Ivory Garden –∏ –Ω–∞ —Ä–∞–±–æ—Ç—É"
147,
145,
144,"–†–µ–º–æ–Ω—Ç –º—ã –¥–µ–ª–∞–µ–º —Å —á–µ—Ä–Ω–æ–≤–æ–π –æ—Ç–¥–µ–ª–∫–∏, –ø—Ä—è–º–æ –º–∞–∫—Å–∏–º–∞–ª—å–Ω–æ —Å —á–µ—Ä–Ω–æ–≤–æ–π üòÖ
–ó–∞ –ø–æ—Å–ª–µ–¥–Ω—é—é –Ω–µ–¥–µ–ª—é –Ω–∞–º —Å–¥–µ–ª–∞–ª–∏ —Å—Ç—è–∂–∫—É –ø–æ–ª–æ–≤ –∏ –Ω–∞—á–∏–Ω–∞—é—Ç —É—Å—Ç–∞–Ω–∞–≤–ª–∏–≤–∞—Ç—å —Å—Ç–µ–Ω—ã! 
–¢–æ–ª—å–∫–æ –ø–æ—Å–º–æ—Ç—Ä–∏—Ç–µ –∫–∞–∫–∏–µ –æ–∫–Ω–∞ –≤ –ø–æ–ª! –ò —ç—Ç–æ—Ç —Å–≤–µ—Ç üòç 
–ë–æ–ª—å—à–∞—è —Ä–∞–±–æ—á–∞—è –∑–æ–Ω–∞ (–±–æ–ª—å—à–µ 40–∫–≤) –∏ —Å–ø—Ä–∞–≤–∞ –æ—Ç —Å—Ç–µ–Ω—ã –±—É–¥–µ—Ç –∫–æ–º–Ω–∞—Ç–∞ –¥–ª—è –ø–µ—Ä—Å–æ–Ω–∞–ª–∞ ü§òüèº

–ò–Ω—Ç–µ—Ä–µ—Å–Ω–æ —É–∑–Ω–∞—Ç—å —Å–æ—Å—Ç–∞–≤–ª—è—é—â—É—é –∫–æ–º–Ω–∞—Ç—ã –æ—Ç–¥—ã—Ö–∞? 
–°—á–∏—Ç–∞—é, —á—Ç–æ –ø–æ–º–∏–º–æ —Å—Ç–∏–ª—å–Ω–æ–π –∏ —É–¥–æ–±–Ω–æ–π —Ä–∞–±–æ—á–µ–π –∑–æ–Ω—ã, –¥–æ–ª–∂–Ω–∞ –±—ã—Ç—å –ª–æ–∫–∞—Ü–∏—è –¥–ª—è –ø–æ–ª–Ω–æ—Ü–µ–Ω–Ω–æ–≥–æ –æ—Ç–¥—ã—Ö–∞ –º–∞—Å—Ç–µ—Ä–æ–≤! 
–Ø —Ç–∞–º —Ç–∞–∫–æ–µ –ø—Ä–∏–¥—É–º–∞–ª–∞ üòè"
143,
142,
141,"–Ø –æ—Ç–∫—Ä—ã–≤–∞—é —Å–≤–æ—é —Å—Ç—É–¥–∏—é ‚ù§Ô∏è‚Äçüî•
–í –∏–Ω—Å—Ç–∞–≥—Ä–∞–º —è —É–∂–µ –ø–æ–¥–µ–ª–∏–ª–∞—Å—å —ç—Ç–æ–π —Ä–∞–¥–æ—Å—Ç–Ω–æ–π –∏ –≤–æ–ª–Ω–∏—Ç–µ–ª—å–Ω–æ–π –æ–¥–Ω–æ–≤—Ä–µ–º–µ–Ω–Ω–æ –¥–ª—è –º–µ–Ω—è –Ω–æ–≤–æ—Å—Ç—å—é! 
–í —Å–∞–º–æ–π –∫—Ä–∞—Å–∏–≤–æ–π –ª–æ–∫–∞—Ü–∏–∏ –°–∞–Ω–∫—Ç-–ü–µ—Ç–µ—Ä–±—É—Ä–≥–∞- —Ü–µ–Ω—Ç—Ä –≥–æ—Ä–æ–¥–∞, –∂–∫ –ø—Ä–µ–º–∏—É–º –∫–ª–∞—Å—Å–∞ üíî

–°–µ–π—á–∞—Å —É–∂–µ –∏–¥—É—Ç —Ä–µ–º–æ–Ω—Ç–Ω—ã–µ —Ä–∞–±–æ—Ç—ã, –∞ –≤ –∞–≤–≥—É—Å—Ç–µ —è –ø–ª–∞–Ω–∏—Ä—É—é –Ω–∞—á–∞—Ç—å —Ä–∞–±–æ—Ç–∞—Ç—å –≤ –°–í–û–ï–ô —Å—Ç—É–¥–∏–∏ –∏ —Ç–∞–∫–∂–µ —Å–¥–∞–≤–∞—Ç—å –º–µ—Å—Ç–∞ –≤ –∞—Ä–µ–Ω–¥—É

–ó–¥–µ—Å—å –≤ –∫–∞–Ω–∞–ª–µ –±—É–¥—É –ø–æ–¥—Ä–æ–±–Ω–µ–µ –¥–µ–ª–∏—Ç—å—Å—è —Å –≤–∞–º–∏ —ç—Ç–∞–ø–∞–º–∏ —Ä–µ–º–æ–Ω—Ç–∞! 
–í–∞–º –±—ã–ª–æ –±—ã –∏–Ω—Ç–µ—Ä–µ—Å–Ω–æ –∑–∞ —ç—Ç–∏–º –Ω–∞–±–ª—é–¥–∞—Ç—å?"
140,
139,
138,"–°–µ–≥–æ–¥–Ω—è –ø—Ä–æ–≤–µ–ª–∞ —É—Ä–æ–∫ –ø–æ–≤—ã—à–µ–Ω–∏—è –¥–ª—è –∫–æ–ª–ª–µ–≥–∏ –∏–∑ –°–ø–± üíî 
–ö–∞–∫ –≤–∞–º —Ä–µ–∑—É–ª—å—Ç–∞—Ç? 
–ß—Ç–æ –∏–Ω—Ç–µ—Ä–µ—Å–Ω–æ —É–∑–Ω–∞—Ç—å –ø–æ –ø—Ä–æ–¥—É–∫—Ç–∞–º –≤ —ç—Ç–æ–º –º–∞–∫–∏—è–∂–µ?"
137,
136,
135,
134,
133,
132,"–ú–æ–∏ –ª—é–±–∏–º—ã–µ –Ω—é–¥–æ–≤—ã–µ –ø–æ–º–∞–¥—ã ‚ù§Ô∏è‚Äçüî•
1. Paese 100, naked 
2. Shik 11, cremant
3. Maybelline 725 
4. L‚ÄôOr√©al 173, –¥–µ—Ä–∑–∫–∏–π –Ω—é–¥ 
5. Dolce&gabbana 100, seductive nude 
6. Lanc√¥me 230, watch me shine 

–î–µ–ª–∞—Ç—å —Ç–∞–∫–∏–µ –ø–æ–¥–±–æ—Ä–∫–∏ —á–∞—â–µ? üî•"
131,"–î–ª—è —Ç–µ—Ö –∫–æ–≥–æ –Ω–µ—Ç –≤ –∏–Ω—Å—Ç–µ, —Ç–∞–º —è —É–∂–µ –ø–æ—Ö–≤–∞—Å—Ç–∞–ª–∞—Å—å üòÅ
–°–æ–±–∏—Ä–∞–ª–∏ —Å–µ–≥–æ–¥–Ω—è —Å –º–æ–µ–π –∫–æ–ª–ª–µ–≥–æ–π —Å–æ–ª–∏—Å—Ç–∫—É –≥—Ä—É–ø–ø—ã ¬´–¢–∞—Ç—É¬ª –Ω–∞ –≤—ã—Å—Ç—É–ø–ª–µ–Ω–∏–µ –ø–µ—Ä–µ–¥ —Ñ—É—Ç–±–æ–ª—å–Ω—ã–º –º–∞—Ç—á–µ–º. 
–° –¥–µ—Ç—Å—Ç–≤–∞ —Ö–æ—Ç–µ–ª–∞ –ø–æ–±—ã–≤–∞—Ç—å –≤ –∑–∞–∫—É–ª–∏—Å—å–µ) 
–í—Å–µ–≥–¥–∞ –ø—Ä–∏–≤–ª–µ–∫–ª–∞ —ç—Ç–∞ —Å—É–µ—Ç–∞ –≤–æ –≤—Ä–µ–º—è —Å–±–æ—Ä–æ–≤ –∑–≤–µ–∑–¥/ –º–æ–¥–µ–ª–µ–π ü§™

–¢–µ–ø–µ—Ä—å –≤–∏–∑—É–∞–ª–∏–∑–∏—Ä—É–µ–º –†–∏–∞–Ω–Ω—É —Ä—è–¥–æ–º —Å–æ –º–Ω–æ–π üòÇ"
129,
128,
127,"–ú–æ–∏ –¥–æ—Ä–æ–≥–∏–µ! üíî
–•–æ—á—É –≤–∞–º –∞–Ω–æ–Ω—Å–∏—Ä–æ–≤–∞—Ç—å –ú–ö ¬´–°–æ–≤—Ä–µ–º–µ–Ω–Ω–∞—è –Ω–µ–≤–µ—Å—Ç–∞¬ª 
–ö–æ—Ç–æ—Ä—ã–π —Å–æ—Å—Ç–æ–∏—Ç—Å—è 15.05 –≤ –°–∞–Ω–∫—Ç-–ü–µ—Ç–µ—Ä–±—É—Ä–≥–µ 
–ú—ã —Å –º–æ–µ–π –∫–æ–ª–ª–µ–≥–æ–π [–ù–∞—Å—Ç–µ–π](https://instagram.com/anastasia_ron_?igshid=YmMyMTA2M2Y=) –ø—Ä–∏–¥—É–º–∞–ª–∏ –∫—Ä—É—Ç–æ–π —Ñ–æ—Ä–º–∞—Ç –ø—Ä–æ–≤–µ–¥–µ–Ω–∏—è –º–∞—Å—Ç–µ—Ä-–∫–ª–∞—Å—Å–∞ ‚ù§Ô∏è‚Äçüî•
–Ø –ø–æ–∫–∞–∑—ã–≤–∞—é —Å–≤–æ–π —Ñ–∏—Ä–º–µ–Ω–Ω—ã–π —Å–≤–∞–¥–µ–±–Ω—ã–π –º–∞–∫–∏—è–∂, –ø–æ—Å–ª–µ –ù–∞—Å—Ç—è –¥–µ–ª–∞–µ—Ç —É–∫–ª–∞–¥–∫—É –Ω–∞—à–µ–π –ø–æ—Ç—Ä—è—Å–∞—é—â–µ–π –º–æ–¥–µ–ª–∏! 
–ê –¥–∞–ª–µ–µ –º—ã —Ç—Ä–∞–Ω—Å—Ñ–æ—Ä–º–∏—Ä—É–µ–º —ç—Ç–æ—Ç –æ–±—Ä–∞–∑ –≤–æ –≤—Ç–æ—Ä–æ–π! 
–¢–æ –µ—Å—Ç—å –Ω–∞ –æ–¥–Ω–æ–º –ú–ö –≤—ã –ø–æ–ª—É—á–∏—Ç–µ: 2 –º–∞–∫–∏—è–∂–∞ –∏ 2 —É–∫–ª–∞–¥–∫–∏ –æ—Ç –¥–≤—É—Ö –º–∞—Å—Ç–µ—Ä–æ–≤ üî•
 –§–æ—Ä–º–∞—Ç –ø—Ä–µ–¥–ø–æ–ª–∞–≥–∞–µ—Ç –∑–∞–∫—Ä—ã—Ç–æ–µ beauty –º–µ—Ä–æ–ø—Ä–∏—è—Ç–∏–µ –≤ –¥–∏–∑–∞–π–Ω–µ—Ä—Å–∫–æ–º –ª–æ—Ñ—Ç–µ —Å —Ñ—É—Ä—à–µ—Ç–æ–º –∏ –∏–≥—Ä–∏—Å—Ç—ã–º ü•Ç
–ñ–∏–≤–æ–µ –æ–±—â–µ–Ω–∏–µ –∏ –∑–Ω–∞–∫–æ–º—Å—Ç–≤–æ —Å –∫–æ–ª–ª–µ–≥–∞–º–∏, –∫–æ—Ç–æ—Ä–æ–µ –≤–¥–æ—Ö–Ω–æ–≤–∏—Ç –≤–∞—Å –Ω–∞ –≤–∞—à –ª—É—á—à–∏–π —Å–≤–∞–¥–µ–±–Ω—ã–π —Å–µ–∑–æ–Ω 
–ù–∞ –º–µ—Ä–æ–ø—Ä–∏—è—Ç–∏–∏ –±—É–¥–µ—Ç –≤–∏–¥–µ–æ–≥—Ä–∞—Ñ –∏ —ç—Ç–æ –∑–Ω–∞—á–∏—Ç, —á—Ç–æ —É –≤–∞—Å –æ—Å—Ç–∞–Ω—É—Ç—Å—è –∫—Ä—É—Ç—ã–µ –±—ç–∫–∏ —Å –ú–ö 
–°—Ç–æ–∏–º–æ—Å—Ç—å –ú–ö –¥–æ 8.05 -10.000‚ÇΩ ‚ÄºÔ∏è
–ü–æ—Å–ª–µ 8.05 —Å—Ç–æ–∏–º–æ—Å—Ç—å –±—É–¥–µ—Ç - 15.000‚ÇΩ 

–û—Å—Ç–∞–ª–æ—Å—å 5 –º–µ—Å—Ç ‚ùóÔ∏è
–î–ª—è –∑–∞–ø–∏—Å–∏ –ø–∏—à–∏—Ç–µ –º–æ–µ–º—É –º–µ–Ω–µ–¥–∂–µ—Ä—É –≤ WhatsApp +7 (917) 387-31-13"
126,"–ö–∞–∫ –∏ –æ–±–µ—â–∞–ª–∞ –ø–æ–¥–±–æ—Ä–∫–∞ —Ä–µ—Å—Ç–æ—Ä–∞–Ω–æ–≤, –∫–æ—Ç–æ—Ä—ã–µ –ø–æ –º–æ–µ–º—É –º–Ω–µ–Ω–∏—é –∏–¥–µ–∞–ª—å–Ω–æ —Å–æ—á–µ—Ç–∞—é—Ç –≤ —Å–µ–±–µ –≤–∫—É—Å–Ω—É—é –µ–¥—É, –∞—Ç–º–æ—Å—Ñ–µ—Ä—É –∏ —Å–µ—Ä–≤–∏—Å üëêüèª 

–ó–∞ –∫–ª–∞—Å—Å–Ω—ã–º–∏ –∑–∞–≤—Ç—Ä–∞–∫–∞–º–∏ 
 ‚ó¶ Ivory garden 
 ‚ó¶ Peche 
 ‚ó¶ Hello.aster 
 ‚ó¶ Zoe the bakery 
 ‚ó¶ Charlie 

–ù–∞ —É–∂–∏–Ω 
 ‚ó¶ Joli grand bistro
 ‚ó¶ Frantsuza bistrot 
 ‚ó¶ Tetto bistr√≥ 
 ‚ó¶ Marso polo 
 ‚ó¶ Mr.Bo spb 
 ‚ó¶ Mercado del sol 

–ë–µ—Å–∫–æ–Ω–µ—á–Ω–æ –º–Ω–æ–≥–æ –∫—Ä—É—Ç—ã—Ö –º–µ—Å—Ç –≤ —Å–ø–±, —Å–ø–∏—Å–æ–∫ 
–±—É–¥–µ—Ç –ø–æ–ø–æ–ª–Ω—è—Ç—å—Å—è ü§ç"
125,"–ù–∞ —Å–ª—É—á–∞–π, –µ—Å–ª–∏ –≤—ã –º–Ω–µ –µ—â–µ –Ω–µ –ø–æ—Å—Ç–∞–≤–∏–ª–∏ –ª–∞–π–∫ –∏ –Ω–µ –Ω–∞–ø–∏—Å–∞–ª–∏ –∫–æ–º–º–µ–Ω—Ç–∞—Ä–∏–π üëπ
–ù—É, –º–∞–ª–æ –ª–∏, –±–µ—Å –ø–æ–ø—É—Ç–∞–ª 

https://www.instagram.com/reel/CrlOXCQIpO4/?igshid=YmMyMTA2M2Y="
124,
123,
122,"–¢–∞ —Å–∞–º–∞—è –∫–æ–º–±–∏–Ω–∞—Ü–∏—è, –ø—Ä–æ –∫–æ—Ç–æ—Ä—É—é —Å–ø—Ä–∞—à–∏–≤–∞—é—Ç –≤—Å–µ ‚ù§Ô∏è‚Äçüî•
–ë—é–¥–∂–µ—Ç–Ω—ã–µ –∫–∞—Ä–∞–Ω–¥–∞—à–∏ –¥–ª—è –≥—É–± –æ—Ç [Farres](https://goldapple.ru/101355-19000066224-lip-pencil-matte#sku=19000066228)**
305- –º–æ–ª–æ—á–Ω—ã–π —à–æ–∫–æ–ª–∞–¥ 
306- –Ω–∞—Ç—É—Ä–∞–ª—å–Ω—ã–π –±–µ–∂–µ–≤—ã–π 
308- –Ω–µ–∂–Ω—ã–π –∞–º–∞—Ä–∞–Ω—Ç 
309- –∫–∞–ø—É—á–∏–Ω–æ 

–£ –º–µ–Ω—è –Ω–∞ **–≥—É–±–∞—Ö –∫–∞—Ä–∞–Ω–¥–∞—à –≤ 309 –æ—Ç—Ç–µ–Ω–∫–µ –∏ –ª—é–±–∏–º—ã–π –±–ª–µ—Å–∫ –¥–ª—è –≥—É–± –≤ 01 –æ—Ç—Ç–µ–Ω–∫–µ –æ—Ç** **[PIMINOVA VALERY](https://goldapple.ru/100650-19000112991-lip-gloss#sku=19000112995)"
121,
120,
119,"–ú–æ–∏ –¥–æ—Ä–æ–≥–∏–µ, –º—ã –¥–æ–∂–¥–∞–ª–∏—Å—å! üíñ
–≠—Ç–æ —Å–∞–º—ã–π –∫—Ä–∞—Å–∏–≤—ã–π –ø—Ä–∏–ø—ã–ª–µ–Ω–Ω—ã–π —Ä–æ–∑–æ–≤—ã–π- ¬´–¥–æ—Ä–æ–≥–æ–π¬ª –∏ –æ–¥–Ω–æ–≤—Ä–µ–º–µ–Ω–Ω–æ –±—é–¥–∂–µ—Ç–Ω—ã–π 
–í –Ω–∞–ª–∏—á–∏–∏ –≤ Gold Apple –æ–¥–Ω—É—à–∫–∞ –æ—Ç Eva Mosaic –Ω–æ–º–µ—Ä 19 
–ü—Ä–∏–º–µ—Ä —Ä–∞–±–æ—Ç—ã —Å —ç—Ç–∏–º–∏ —Ç–µ–Ω—è–º–∏ –Ω–∞ –≤–∏–¥–µ–æ üíì"
118,
117,
116,
115,"–ü–æ–∫–∞–∑—ã–≤–∞—é –≤–∞–º —Ç–æ–Ω –æ—Ç Clio –≤ —Ä–∞–±–æ—Ç–µ ü§™ 
–£ –º–µ–Ω—è –æ—Ç—Ç–µ–Ω–æ–∫ 3,5 
–ö—Ç–æ –ª—é–±–∏—Ç –Ω–∞ —Å–µ–±–µ –ª–µ–≥–∫–æ–µ –ø–æ–∫—Ä—ã—Ç–∏–µ- —ç—Ç–æ —Ç–æ, —á—Ç–æ –Ω—É–∂–Ω–æ 
–ï—â–µ –∏ spf 50 
–ö—Å—Ç–∞—Ç–∏, –≤ –Ω–∞–±–æ—Ä–µ —Ç–æ–Ω –∏–¥–µ—Ç —Å –∫–∏—Å—Ç–æ—á–∫–æ–π)"
114,
113,
112,"–î–µ–ª—é—Å—å —Å –≤–∞–º–∏ –Ω–æ–≤–∏–Ω–∫–∞–º–∏, –∫–æ—Ç–æ—Ä—ã–µ –∫—É–ø–∏–ª–∞ —Å–µ–≥–æ–¥–Ω—è –≤ –ó–æ–ª–æ—Ç–æ–º –Ø–±–ª–æ–∫–µ üçè
–ü—É–¥—Ä–∞-—Ö–∞–π–ª–∞–π—Ç–µ—Ä, –∫–∞–∫ –¥–µ–ª–∏–∫–∞—Ç–Ω—ã–π —Ö–∞–π–ª–∞–π—Ç–µ—Ä- —ç—Ç–æ –ø—Ä–æ—Å—Ç–æ üî•üî•üî• –¥–∞–≤–Ω–æ —Ç–∞–∫–æ–π –∏—Å–∫–∞–ª–∞ 
–¢–æ–Ω –æ—Ç Clio —É–≤–ª–∞–∂–Ω—è—é—â–∏–π —Å —Å–∏—è—é—â–∏–º —Ñ–∏–Ω–∏—à–µ–º, –¥–ª—è —Å—É—Ö–æ–π –∫–æ–∂–∏ –∏–¥–µ–∞–ª–µ–Ω 
–ò –¥–ª—è —Å–µ–±—è- –æ—Ç–±–µ–ª–∏–≤–∞—é—â–∏–µ –ø–æ–ª–æ—Å–∫–∏ –¥–ª—è –ó—É–±–æ–≤, –¥–µ–ª–∞—é –∫—É—Ä—Å —Ä–∞–∑ –≤ –ø–æ–ª–≥–æ–¥–∞)"
111,
110,"–î—Ä—É–∑—å—è, —è –≤ –ú–æ—Å–∫–≤–µ ü§ç
–°–µ–≥–æ–¥–Ω—è –ø—Ä–æ–≤–µ–ª–∞ –¥–≤–∞ –∏–Ω–¥–∏–≤–∏–¥—É–∞–ª—å–Ω—ã—Ö —É—Ä–æ–∫–∞ –¥–ª—è —Å–≤–æ–∏—Ö –∫–æ–ª–ª–µ–≥ 

 –î–≤–∞ —Ä–∞–∑–Ω—ã—Ö, –Ω–æ sex—É–∞–ª—å–Ω—ã—Ö –æ–±—Ä–∞–∑–∞ ‚ù§Ô∏è‚Äçüî• 
–ö–∞–∫–æ–π –≤–∞–º –±–æ–ª—å—à–µ –Ω—Ä–∞–≤–∏—Ç—Å—è?!"
109,–ê –≤–æ—Ç –∏ —Å–≤–æ—Ç—á–∏ –ø–∞–ª–µ—Ç–∫–∏ Ann Beauty
108,
107,
106,
105,
104,
103,"–ö–∞–∫ –∏ –æ–±–µ—â–∞–ª–∞, –ø–æ–∫–∞–∑—ã–≤–∞—é –∫–∞–∫–∏–º–∏ –ø—Ä–æ–¥—É–∫—Ç–∞–º–∏ –≤—ã–ø–æ–ª–Ω–µ–Ω —ç—Ç–æ—Ç –º–∞–∫–∏—è–∂ 
–û–æ–æ–æ—á–µ–Ω—å –º–Ω–µ –ø–æ–Ω—Ä–∞–≤–∏–ª—Å—è –±—Ä–æ–Ω–∑–µ—Ä Patrick Ta –æ—Ç—Ç–µ–Ω–æ–∫ she‚Äôs bronzed 
(–í–ø–µ—Ä–≤—ã–µ –ø—Ä–æ–±—É—é, –ø–æ—ç—Ç–æ–º—É –Ω–∞–±–∏—Ä–∞—é –ø—Ä–æ–¥—É–∫—Ç –∫–∏—Å—Ç—å—é —Å—Ä–∞–∑—É –∏–∑ –ø–∞–ª–µ—Ç–∫–∏) 
–ù–∞ –≥–ª–∞–∑–∞—Ö –ø–∞–ª–µ—Ç–∫–∞ —Ç–µ–Ω–µ–π Ann beauty 
–£ –º–µ–Ω—è 3 –ø–∞–ª–µ—Ç–∫–∏ —ç—Ç–æ–≥–æ –±—Ä–µ–Ω–¥–∞- —ç—Ç–æ –ª—é–±–æ–≤—å 
–î–æ—Ä–æ–≥–∏–µ –∫–æ–º–º–µ—Ä—á–µ—Å–∫–∏–µ –æ—Ç—Ç–µ–Ω–∫–∏ –∏ –Ω–µ–∂–Ω–µ–π—à–∞—è —Ç–µ–∫—Å—Ç—É—Ä–∞ 
–ù–∞ –≥—É–±–∞—Ö –∫–æ–Ω–∫—Ä–∏—Ç –æ—Ç –ï–ª–µ–Ω—ã –ö—Ä—ã–Ω–∏–Ω–æ–π 
–†—É–º—è–Ω–∞ Laura Mercier –≤ –æ—Ç—Ç–µ–Ω–∫–µ Ginger, –ª—é–±–ª—é —Ä–∞–±–æ—Ç–∞—Ç—å –∏–º–∏, –∫–æ–≥–¥–∞ –Ω–µ —Ö–æ—á–µ—Ç—Å—è –ø–µ—Ä–µ–≥—Ä—É–∑–∏—Ç—å –º–∞–∫–∏—è–∂ 50 –æ—Ç—Ç–µ–Ω–∫–∞–º–∏ —Ä–æ–∑–æ–≤–æ–≥–æ"
102,
101,"–°–≤–æ—Ç—á–∏ –º–æ–∏—Ö –ª—é–±–∏–º—ã—Ö –∂–∏–¥–∫–∏—Ö —Ä—É–º—è–Ω –æ—Ç Charlotte Tilbury 
–¢–µ, —á—Ç–æ —Å —Å–∏—è–Ω–∏–µ–º –æ—Ç—Ç–µ–Ω–æ–∫- Pinkgasm (–Ω–∞ –≤–∏–¥–µ–æ —Å –ø–æ–∫–∞–∑–∞ —Ä—É–º—è–Ω–∞ –≤ —á–∏—Å—Ç–æ–º –≤–∏–¥–µ, –Ω–∏–∫–∞–∫–∏–º–∏ –¥—Ä—É–≥–∏–º–∏ –Ω–µ –¥—É–±–ª–∏—Ä–æ–≤–∞–ª–∞) 
–ú–∞—Ç–æ–≤—ã–µ —Ä–æ–∑–æ–≤—ã–µ- Pillow talk pink pop"
100,
99,
98,
97,
96,
95,
94,
93,"–ö–∞–∫ –∏ –æ–±–µ—â–∞–ª–∞ üëêüèª –≤–∏–¥–µ–æ —Å –ú–ö –≥–¥–µ –ü–∞—Ç—Ä–∏–∫ –≥–æ–≤–æ—Ä–∏—Ç –ø—Ä–æ —Ä–∞–±–æ—Ç—É —Å –†–∏–∞–Ω–Ω–æ–π! 
–†–∞–¥–∞ –ø–æ–¥–µ–ª–∏—Ç—å—Å—è —Å –≤–∞–º–∏ —ç—Ç–∏–º –º–æ–º–µ–Ω—Ç–æ–º, –ø–æ—Ç–æ–º—É —á—Ç–æ –¥–ª—è –º–µ–Ω—è —ç—Ç–æ –Ω–µ–≤–µ—Ä–æ—è—Ç–Ω–∞—è –∏—Å—Ç–æ—Ä–∏—è! –ó–Ω–∞–µ—Ç–µ —Ç–æ —á—É–≤—Å—Ç–≤–æ, –∫–æ–≥–¥–∞ —Å–ª—É—à–∞—Ç–µ–ª—å –∫–æ–≥–æ-—Ç–æ –∏ –Ω–∞—Å—Ç–æ–ª—å–∫–æ –≤–¥–æ—Ö–Ω–æ–≤–ª—è–µ—à—å—Å—è, —á—Ç–æ –ø—Ä—è–º –∫–æ–º –≤ –≥–æ—Ä–ª–µ ü•π 
–ù–µ –ø–µ—Ä–µ—Å—Ç–∞–≤–∞–π—Ç–µ –º–µ—á—Ç–∞—Ç—å ‚ú®"
92,
91,
90,
89,
88,
87,–í—Ç–æ—Ä–æ–π –æ–±—Ä–∞–∑ —Å –ú–ö üî•
86,
85,
84,
83,
82,
81,
80,
79,
78,–û–±–∑–æ—Ä –ø–æ–¥–∞—Ä–∫–∞ —Å –ú–ö Patrick Ta ‚ù§Ô∏è‚Äçüî•
77,"–ö—É—Å–æ—á–µ–∫ –≤–∞–º –ø–æ–∫–∞–∂—É ü•∞ 
–¢—É—Ç –ü–∞—Ç—Ä–∏–∫ –≥–æ–≤–æ—Ä–∏—Ç –ø—Ä–æ —Ç–æ, —á—Ç–æ —Ä–∞–±–æ—Ç–∞ hairstylist —Ç–∞–∫ –∂–µ –≤–∞–∂–Ω–∞ –∫–∞–∫ –∏ makeup-–∞—Ä—Ç–∏—Å—Ç–æ–≤, –Ω–æ –º–Ω–æ–≥–∏–µ —ç—Ç–æ –Ω–µ–¥–æ–æ—Ü–µ–Ω–∏–≤–∞—é—Ç"
76,
75,
74,
73,
72,"–í—Å–µ–º –¥–æ–±—Ä–æ–µ —É—Ç—Ä–æ! 
–£ –º–µ–Ω—è –æ–Ω–æ –Ω–∞—á–∞–ª–æ—Å—å —Å—É–ø–µ—Ä –Ω–∞—Å—ã—â–µ–Ω–Ω–æ! 
–í–∫—É—Å–Ω—ã–π –∑–∞–≤—Ç—Ä–∞–∫ –≤ –æ—Ç–µ–ª–µ –∏ –±–∞—Å—Å–µ–π–Ω –Ω–∞ –∫—Ä—ã—à–µ ‚ù§Ô∏è‚Äçüî•
–ñ–¥—É —Ç–∞–∫—Å–∏ –∏ –≤—ã–µ–∑–∂–∞—é –Ω–∞ –ú–ö 
–í–æ–ª–Ω—É—é—Å—å —Ç–∞–∫, —á—Ç–æ –∫–∞–∫ –±—É–¥—Ç–æ-—Ç–æ —è –±—É–¥—É –≤—ã—Å—Ç—É–ø–∞—Ç—å ü´£
–ë—É–¥—É, –Ω–æ –ø–æ–∫–∞ –Ω–µ —Å–µ–≥–æ–¥–Ω—è ü§™"
71,"–Ø, –∫—Å—Ç–∞—Ç–∏, –∑–∞–±—ã–ª–∞ –ø–æ–¥–µ–ª–∏—Ç—å—Å—è –∑–¥–µ—Å—å —Å–≤–æ–∏–º –≤—Ç–æ—Ä—ã–º –æ–±—Ä–∞–∑–æ–º —Å –ú–ö 
–ñ–¥—É –≤–∞—à–∏—Ö —Ä–µ–∞–∫—Ü–∏–π üíî"
70,"–ú—ã –≤—ã–ª–µ—Ç–∞–µ–º –≤ –î—É–±–∞–π! üíî
–ë—É–¥–µ—Ç –º–Ω–æ–≥–æ –∫–æ–Ω—Ç–µ–Ω—Ç–∞! 
–ì–æ—Ç–æ–≤—å—Ç–µ—Å—å üòö"
69,"–í—á–µ—Ä–∞ –ø—Ä–æ—à–µ–ª –º–æ–π –ø–µ—Ä–≤—ã–π –¥–µ–Ω—å –º–æ–µ–≥–æ –ø–µ—Ä–≤–æ–≥–æ –ú–ö ‚ù§Ô∏è‚Äçüî•
–Ø —Ç–∞–∫ –∫–∞–π—Ñ–∞–Ω—É–ª–∞ –≤—ã –¥–∞–∂–µ —Å–µ–±–µ –Ω–µ –ø—Ä–µ–¥—Å—Ç–∞–≤–ª—è–µ—Ç–µ ü§™ —Ö–æ—Ç—è –ø–µ—Ä–≤—ã–µ 5 –º–∏–Ω—É—Ç —É –º–µ–Ω—è —Ç—Ä—è—Å–ª–∏—Å—å —Ä—É–∫–∏ –∏ –≥–æ–ª–æ—Å üòÇ 
–£ –º–µ–Ω—è –±—ã–ª–∏ –ø–æ—Ç—Ä—è—Å–∞—é—â–∏–µ —É—á–∞—Å—Ç–Ω–∏–∫–∏ üòò
–®–∏–∫–∞—Ä–Ω–∞—è –º–æ–¥–µ–ª—å –ê–Ω—è üíî 
–ö–∞–∫ –≤–∞–º –æ–±—Ä–∞–∑?"
68,"–ü–æ–∫–∞–∂—É –≤–∞–º –ø–µ—Ä–≤—ã–º –Ω–∞—à —Å–µ–≥–æ–¥–Ω—è—à–Ω–∏–π –æ–±—Ä–∞–∑ üíî 
–ë—ã–ª–∞ –Ω–µ–≤–µ—Ä–æ—è—Ç–Ω–∞—è –º–æ–¥–µ–ª—å ü§ç
–ö–∞–∫ –≤–∞–º —Ç–∞–∫–∞—è –Ω–µ–≤–µ—Å—Ç–∞?"
67,
66,–î–æ–±—Ä–æ–µ —É—Ç—Ä–æ üòö
65,"–°–µ–≥–æ–¥–Ω—è –Ω–∞ –æ–±—É—á–µ–Ω–∏–µ  
–ù–∞ –≥—É–±–∞—Ö:
–ö–∞—Ä–∞–Ω–¥–∞—à vivienne sabo 01 
–ü–æ–º–∞–¥–∞ Chanel the boy 
‚ù§Ô∏è‚Äçüî•"
64,"–°–∏–∂—É –≤ –∞—ç—Ä–æ–ø–æ—Ä—Ç—É –≤—Ç–æ—Ä–æ–π —Ä–∞–∑ –∑–∞ –Ω–µ–¥–µ–ª—é, –≤—Å–µ–≥–¥–∞ –º–µ—á—Ç–∞–ª–∞ –º–Ω–æ–≥–æ –ª–µ—Ç–∞—Ç—å ü§™
–ê –ø–æ—á—Ç–∏ —á–µ—Ä–µ–∑ –Ω–µ–¥–µ–ª—é –µ—â–µ –æ–¥–∏–Ω –ø–æ–ª—ë—Ç –∏ –∏—Å–ø–æ–ª–Ω–µ–Ω–∏–µ –º–æ–µ–π –º–∞–ª–µ–Ω—å–∫–æ–π –º–µ—á—Ç—ã ü´£üíî"
63,
61,
60,
59,–ö–∞–∫ —è –ø–æ—Ä–∞–±–æ—Ç–∞–ª–∞ —Å–µ–≥–æ–¥–Ω—è –∫—Ä–∞—Å–∏–≤–æ! üíî
58,"1. –ú–∏—Ü–µ–ª—è—Ä–Ω–∞—è –≤–æ–¥–∞ –¥–ª—è –æ—á–∏—â–µ–Ω–∏—è 
Krygina micellar water 
2. –û—Ç—à–µ–ª—É—à–∏–≤–∞—é—â–∏–π —Ç–æ–Ω–µ—Ä 
Krygina Exfoliating toner 
3. –¢–æ–Ω 
Charlotte tilbury beautiful skin –æ—Ç—Ç–µ–Ω–æ–∫ 05n 
4. –¢–∏–Ω—Ç –Ω–∞ —â–µ—á–∫–∏ –∏ –≥—É–±—ã 
Krygina tinter Iris 
5.–°—Ç—Ä–µ–ª–æ—á–∫–∏
 Concrete Krygina Chocolate 
6. –ë—Ä–æ–≤–∏ 
 Concrete Krygina taupe
7. –•–∞–π–ª–∞–π—Ç–µ—Ä
La rosa diamond bomb"
57,
56,
55,
54,
53,"–ö–∞–∫ –∏ –æ–±–µ—â–∞–ª–∞- –ø–æ—Å—Ç –ø—Ä–æ –º–æ–π —É—Ö–æ–¥ –∑–∞ –≤–æ–ª–æ—Å–∞–º–∏ ü§ç
–≠—Ç–æ –≤—Å–µ —Ç–æ, —á—Ç–æ —Å–ø–∞—Å–∞–µ—Ç –º–æ–∏ –æ–∫—Ä–∞—à–µ–Ω–Ω—ã–µ –≤–æ–ª–æ—Å—ã –Ω–∞ 100% 
1. –®–∞–º–ø—É–Ω—å –æ—Ç Hadat. –ö—Ä—É—Ç–æ —É–≤–ª–∞–∂–Ω—è–µ—Ç, –Ω–æ —Å–∫–æ—Ä–µ–µ –Ω–µ –ø–æ–¥–æ–π–¥–µ—Ç —Ç–µ–º –≤–µ–∑—É–Ω—á–∏–∫–∞–º, –∫—Ç–æ –∏ —Ç–∞–∫ –º–æ–µ—Ç –≥–æ–ª–æ–≤—É –∫–∞–∂–¥—ã–π –¥–µ–Ω—å, —Ç–∞–∫ –∫–∞–∫ –∏–º —Ä–µ–∞–ª—å–Ω–æ –ø–µ—Ä–µ—É–≤–ª–∞–∂–Ω–∏—Ç—å ü§™–ø–æ—ç—Ç–æ–º—É –æ–±–ª–∞–¥–∞—Ç–µ–ª—è–º —Å—É—Ö–∏—Ö –∏ –æ–∫—Ä–∞—à–µ–Ω–Ω—ã—Ö –≤–æ–ª–æ—Å üî•
2. –ú–∞—Å–∫–∞ Rated Green 
–ü–ª–æ—Ç–Ω–∞—è, –∂–∏—Ä–Ω–µ–Ω—å–∫–∞—è —Å –æ—Ñ–∏–≥–µ–Ω–Ω—ã–º –∞—Ä–æ–º–∞—Ç–æ–º. –¢–∞–∫–∂–µ –∫—Ä—É—Ç–æ –±—É–¥–µ—Ç –ø–∏—Ç–∞—Ç—å üî•
3. –ú–∞—Å–∫–∞ Hadat. –î–ª—è –º–µ–Ω—è –æ—á–µ–Ω—å —Å—Ö–æ–∂–∞ —Å –ø—Ä–µ–¥—ã–¥—É—â–µ–π –º–∞—Å–∫–æ–π. –ü–æ—ç—Ç–æ–º—É —Ç–æ–∂–µ –±–µ—Ä–µ–º ‚ù§Ô∏è‚Äçüî•
4. –ö–æ–Ω–¥–∏—Ü–∏–æ–Ω–µ—Ä Davines. –¢—É—Ç –≤—Å–µ —Ç–æ –∂–µ —Å–∞–º–æ–µ, –µ–¥–∏–Ω—Å—Ç–≤–µ–Ω–Ω–æ–µ –æ–Ω –ø–æ–ª–µ–≥—á–µ –º–∞—Å–∫–∏ 
5. –ò –º–æ–π –ª—é–±–∏–º—á–∏–∫, –Ω–µ—Å–º—ã–≤–∞–µ–º—ã–π —É—Ö–æ–¥ 
–ú–æ–ª–æ—á–∫–æ –æ—Ç Davines 
–ü—Ä–æ—Å—Ç–æ —Å—É–º–∞—Å—à–µ–¥—à–∏–π –∞—Ä–æ–º–∞—Ç ü§™üíî"
52,–Ø —É–∂–µ –≤ –ü–∏—Ç–µ—Ä–µ ü§™ —É—Å–ø–µ–ª–∏ –æ—Ç—Å–Ω—è—Ç—å –∫–æ–µ —á—Ç–æ –∫—Ä–∞—Å–∏–≤–æ–µüòªüòè
51,"–ì–µ—Ä–∞! –ì–¥–µ —Ç–≤–æ–π –º—è—á–∏–∫?! 
–ü—Ä–∏—à–ª–∏ –Ω–∞ —Ç—Ä–µ–Ω–∏—Ä–æ–≤–∫—É ü§™"
50,
49,
48,"–°–ª—É—á–∏–ª—Å—è —à–æ–ø–ø–∏–Ω–≥ 
–ö—É–ø–∏–ª–∞ —Ç–æ–ª—å–∫–æ –¥–∂–∏–Ω—Å—ã üåù
–•–æ—á—É —Ç–µ–ø–µ—Ä—å –¥–∂–∏–Ω—Å–æ–≤—É—é —Ä—É–±–∞—à–∫—É ü•≤"
47,
46,–í—ã—Å–ø–∞–ª–∞—Å—å —Å–µ–≥–æ–¥–Ω—è –≤ —Å–ø–∞ üòÇüò¥
45,
44,
43,
42,
41,
40,"–ö—Å—Ç–∞—Ç–∏, –Ω–µ –≤—Å–µ –º–æ–∏ –ø–æ–¥—Ä—É–≥–∏ —Å–∏–¥—è—Ç –≤ –∏–Ω—Å—Ç–µ
–ë—É–¥—É –ø–µ—Ä–∏–æ–¥–∏—á–µ—Å–∫–∏ –¥—É–±–ª–∏—Ä–æ–≤–∞—Ç—å —Ä–∞–±–æ—Ç—ã —Ç—É—Ç 
–ò –Ω–µ–∫–æ—Ç–æ—Ä—ã–µ —Ä–∞–±–æ—Ç—ã –≤—ã –±—É–¥–µ—Ç–µ –≤–∏–¥–µ—Ç—å –ø–µ—Ä–≤—ã–º–∏ üòè‚ù§Ô∏è‚Äçüî•"
38,"–Ø —Å–µ–π—á–∞—Å —Ç–∞–∫–∂–µ –µ–¥—É –¥–æ–º–æ–π –ø–æ—Å–ª–µ –Ω–∞—Å—ã—â–µ–Ω–Ω–æ–π —Ä–∞–±–æ—á–µ–π –Ω–µ–¥–µ–ª–∏ üôåüèº
–ö–∞–∫ —É –≤–∞—Å –¥–µ–ª–∞? 
–†–µ—à–∏–ª–∞ –≤–æ—Å—Å—Ç–∞–Ω–∞–≤–ª–∏–≤–∞—Ç—å —Å–≤–æ–π –∫–∞–Ω–∞–ª 
–ü–æ—ç—Ç–æ–º—É –ø—Ä–æ—à—É –Ω–µ –æ—Ç–ø–∏—Å—ã–≤–∞—Ç—å—Å—è üòÇ"
37,Hello üåù
36,–ö–∞–∫ –∂–µ —Ç–∞–∫–æ–π –∑–∞–º–µ—á–∞—Ç–µ–ª—å–Ω—ã–π –≥–æ–ª–æ—Å –º—É–∂–∞ —Ä–µ–∂–µ—Ç —Å–ª—É—Ö (—É—Ö–æ) –º–æ–µ–º—É —Ä–µ–±—ë–Ω–∫—É ü§£
34,–ö–∞–∫ —É –≤–∞—Å –¥–µ–ª–∞?
33,–í—Å–µ–º –ø—Ä–∏–≤–µ—Ç ‚ù§Ô∏è
31,–î–æ–±—Ä–æ–µ —É—Ç—Ä–æ üåû
29,
28,"–û–±–µ—â–∞–ª–∞ –≤–∏–¥–µ–æ, –∫–∞–∫ —è –ø–ª–µ—Ç—É –æ–±—ä–µ–º–Ω—É—é –∫–æ—Å—É, –≤–∏–¥–µ–æ —Å–¥–µ–ª–∞–Ω–æ –Ω–∞ –∫–æ–ª–µ–Ω–∫–µ, –ø–æ–¥–≥–æ—Ç–æ–≤–∫–∏ —Ç–æ–∂–µ –Ω–∏–∫–∞–∫–æ–π, —Ç–∞–∫ –∫–∞–∫ –ø–æ–¥ —Ä—É–∫–æ–π –Ω–∏—á–µ–≥–æ –Ω–µ –±—ã–ª–æ, –∫—Ä–æ–º–µ –º–æ–µ–π –ø–æ–¥—Ä—É–≥–∏ üòÉ
–í –∏–¥–µ–∞–ª–µ –æ–±—Ä–∞–±–æ—Ç–∞—Ç—å –≤–æ–ª–æ—Å—ã –∫—Ä–µ–º–æ–º tame wild) –∑–¥–µ—Å—å –≥–ª–∞–≤–Ω–æ–µ –ø–æ–Ω—è—Ç—å —Ç–µ—Ö–Ω–∏–∫—É, –∞ –æ–Ω–∞ –≤–æ–æ–±—â–µ –Ω–µ —Å–ª–æ–∂–Ω–∞—è!"
27,"–ó–¥–µ—Å—å —Å–ø—Ä–µ–π –≤–æ—Å–∫ ollin, —Ç–∞–∫—É—é —É–∫–ª–∞–¥–∫—É –Ω–∞ –ê–ª–∏–Ω–µ —è —Å–¥–µ–ª–∞–ª–∞ –º–∏–Ω—É—Ç –∑–∞ 20, –æ—á–µ–Ω—å –±—ã—Å—Ç—Ä–æ –∏ —É–¥–æ–±–Ω–æ –∏–º —Ä–∞–±–æ—Ç–∞—Ç—å)"
26,"–ó–¥–µ—Å—å –Ω–∞ –≤–æ–ª–æ—Å–∞—Ö —Å—Ç–∏–∫ –≤–æ—Å–∫ –æ—Ç tigi, —è –≤—Å–µ–≥–¥–∞ –¥–µ—Ç–∞–ª—å–Ω–æ –ø—Ä–æ—Ä–∞–±–∞—Ç—ã–≤–∞—é –º–µ–ª–∫–∏–µ –≤–æ–ª–æ—Å–∫–∏ —É –ª–∏—Ü–∞ –∏–º–µ–Ω–Ω–æ –∏–º"
25,
24,"–î–≤–∞ –º–æ–∏—Ö –ª—é–±–∏–º—á–∏–∫–∞ –¥–ª—è —Å–æ–∑–¥–∞–Ω–∏—è –≥–ª–∞–¥–∫–∏—Ö —Ç–µ–∫—Å—Ç—É—Ä üíî 

1. Tigi bed head —Ç–µ–∫—Å—Ç—É—Ä–∏—Ä—É—é—â–∏–π –∫–∞—Ä–∞–Ω–¥–∞—à –≤–æ—Å–∫ –¥–ª—è –≤–æ–ª–æ—Å ~ 1200
2. Ollin —Å–ø—Ä–µ–π-–≤–æ—Å–∫ –¥–ª—è –≤–æ–ª–æ—Å ~ 450

Tigi –Ω–µ–¥–∞–≤–Ω–æ –∑–∞–∫–∞–∑–∞–ª–∞ –Ω–∞ –æ–∑–æ–Ω –∫–∞–∫
—Å–ø—Ä–µ–π –Ω–∞ wildberries 

–°—Å—ã–ª–∫–∏: 
https://www.ozon.ru/products/169880436/?_bctx=CAMQ7Ym_Iw&asb=WfkrValgliFwd%252Bin%252BDxhgWlimHpQ1PG4G1oMtXLQjdM%253D&asb2=OiqmMcx-bmVH3zmNdDzlBk_UnBjWqMuZIWgPqtexPuuX4khHcsyR_0FgP9T6QXiuXdeeyZ4Ff3pZMb8ngQU4iw&sh=qMuUHQAAAA&from=share_ios

https://www.wildberries.ru/catalog/29611774/detail.aspx?targetUrl=MS&size=65955599 Ollin Professional –°–ø—Ä–µ–π"
20,–ö–∞–∫ –≤–∞–º —Ç–∞–∫–æ–π –≤–∞—Ä–∏–∞–Ω—Ç –∫–æ—Å–∏—á–∫–∏?
19,–°–µ–≥–æ–¥–Ω—è —Ä–∞–±–æ—Ç–∞–µ–º —Å https://t.me/grishinavika
17,
16,Good morning ü§ç
15,
14,
13,
12,
11,
10,
9,–í–∏–¥ —Å —ç–π—Ñ–µ–ª–µ–≤–æ–π –±–∞—à–Ω–∏ üíî
8,"–ú–µ–Ω—è –ø—Ä—è–º –Ω–∞–∫—Ä—ã–≤–∞–µ—Ç –ø–µ—Ä–µ–æ–¥–∏—á–µ—Å–∫–∏ –∏ —è –ø–µ—Ä–µ—Å–º–∞—Ç—Ä–∏–≤–∞—é —Ñ–æ—Ç–æ —Å –ø–æ—Å–ª–µ–¥–Ω–µ–≥–æ –Ω–∞—à–µ–≥–æ –ø—É—Ç–µ—à–µ—Å—Ç–≤–∏—è –ø–æ –ï–≤—Ä–æ–ø–µ. 
–ü–æ–∫–∏–¥–∞—Ç—å —Ñ–æ—Ç–æ –∏ –≤–∏–¥–µ–æ —Å—é–¥–∞?"
7,–£ –Ω–∞—Å —Ç—É—Å–æ–≤–∫–∞ üåù
6,"–•–æ–¥–∏–ª–∏ –≤—á–µ—Ä–∞ —Å –¥–µ–≤–æ—á–∫–∞–º–∏ –≤ –∞–∑–∏–∞—Ç—Å–∫–∏–π —Ä–µ—Å—Ç–æ—Ä–∞–Ω Saiko üç£
–ü–æ–Ω—Ä–∞–≤–∏–ª–æ—Å—å –∞–≤–æ–∫–∞–¥–æ –≥—Ä–∏–ª—å —Å —Å–æ—É—Å–æ–º –≤–∞—Ñ—É –∏ –∫—Ä–∞—Å–Ω–æ–π –∏–∫—Ä–æ–π 
–û—Å—Ç–∞–ª—å–Ω–æ–µ –Ω–∞ –ª—é–±–∏—Ç–µ–ª—è"
5,"–î—Ä—É–∑—å—è, –≤—Å–µ–º –ø—Ä–∏–≤–µ—Ç! –°–ø–∞—Å–∏–±–æ, —á—Ç–æ –≤—ã —Å–æ –º–Ω–æ–π ‚ù§Ô∏è"
1,
